feature_set,C,feature,standardized_coefficient
C,1.0,gray_median,-2.62278283474828
C,1.0,hue_cos_mean,-2.0525585360005127
C,1.0,gradient_orientation_07,-1.9995362979922013
C,1.0,rgb_std_r,-1.8580998571537308
C,1.0,lbp_hist_03,1.822989091077792
C,1.0,gray_p25,-1.775233762935589
C,1.0,lbp_hist_06,1.7658180757600954
C,1.0,lbp_hist_04,1.6780840628089602
C,1.0,rgb_mean_r,-1.6639988758853392
C,1.0,hue_sin_mean,1.6583562119484447
C,1.0,gradient_orientation_06,-1.6523516786712935
C,1.0,gray_hist_06,1.5505150723237067
C,1.0,saturation_mean,-1.486499377317677
C,1.0,gradient_orientation_01,1.4794475032553374
C,1.0,gray_hist_08,-1.3250644166016126
C,1.0,gray_hist_15,1.2594574242457142
C,1.0,gradient_magnitude_mean,-1.2412418773568992
C,1.0,gradient_magnitude_std,-1.236598598088076
C,1.0,lbp_hist_10,-1.1837213834517335
C,1.0,gray_hist_11,-1.147413665992141
C,1.0,entropy_bits,1.1361356789881745
C,1.0,contrast_std,-1.1045547683470252
C,1.0,rgb_std_g,-1.10291154848194
C,1.0,gray_p75,1.0618388970801673
C,1.0,gray_hist_09,1.0230006942347467
C,1.0,lbp_hist_01,-0.9794631431669947
C,1.0,lbp_hist_08,-0.9588795174622846
C,1.0,gray_hist_03,0.9240686507767205
C,1.0,brightness_mean,-0.9140505156763507
C,1.0,gray_hist_00,0.9024796663189433
C,1.0,lbp_hist_00,0.8733882156339058
C,1.0,gray_hist_02,-0.8493534305130905
C,1.0,lbp_hist_09,-0.8448027188149497
C,1.0,sharpness_laplacian_var,-0.7738795561566644
C,1.0,gray_hist_10,0.711500722435989
C,1.0,saturation_std,-0.701382838795417
C,1.0,gray_hist_14,0.6925235737049006
C,1.0,rgb_mean_g,-0.6561722663809669
C,1.0,gray_hist_05,-0.6183044396481682
C,1.0,lbp_hist_02,0.612627785951267
C,1.0,gradient_orientation_03,0.5675532840432954
C,1.0,lbp_hist_13,-0.521012742590113
C,1.0,lbp_hist_11,0.5163781882279687
C,1.0,lbp_hist_07,-0.48844855364829665
C,1.0,gray_hist_07,0.4783154417034348
C,1.0,gradient_orientation_04,0.4498842992323854
C,1.0,gradient_orientation_02,0.4423345245164556
C,1.0,edge_density,0.40828695021319894
C,1.0,lbp_hist_12,0.3815760559741621
C,1.0,gray_hist_04,0.348218685987072
C,1.0,gray_p10,-0.3102855801077344
C,1.0,rgb_mean_b,-0.2976123041338248
C,1.0,gradient_orientation_05,0.2876093344228883
C,1.0,lbp_hist_15,-0.2731121112923908
C,1.0,gradient_orientation_00,-0.19451394515791506
C,1.0,lbp_hist_14,0.18515858048656303
C,1.0,gray_hist_13,0.1699469502410012
C,1.0,gray_p90,0.16632751433267426
C,1.0,gray_hist_01,0.16326172591768975
C,1.0,rgb_std_b,0.07102434159973273
C,1.0,lbp_hist_05,-0.06976466932901929
C,1.0,gray_hist_12,-0.055108782168061476
