feature_set,feature_count,C,threshold,f1,precision,recall,accuracy,balanced_accuracy,roc_auc,pr_auc,n,positive_count,negative_count,cm_tn,cm_fp,cm_fn,cm_tp
A,5,0.0001,0.5,0.03361344537815126,1.0,0.017094017094017096,0.5208333333333334,0.5085470085470085,0.7326106594399278,0.7585439229048752,240,117,123,123,0,115,2
A,5,0.001,0.5,0.6912442396313364,0.75,0.6410256410256411,0.7208333333333333,0.7188868042526579,0.7934125495101105,0.8107830732085839,240,117,123,98,25,42,75
A,5,0.01,0.5,0.7456140350877193,0.7657657657657657,0.7264957264957265,0.7583333333333333,0.7575568063372942,0.8576888332985895,0.8649171887763674,240,117,123,97,26,32,85
A,5,0.1,0.5,0.7272727272727273,0.7368421052631579,0.717948717948718,0.7375,0.7370231394621638,0.8639427419915225,0.8745315703288274,240,117,123,93,30,33,84
A,5,1.0,0.5,0.7280701754385965,0.7477477477477478,0.7094017094017094,0.7416666666666667,0.7408797164894726,0.8658884024737683,0.8785215654812725,240,117,123,95,28,34,83
A,5,10.0,0.5,0.7280701754385965,0.7477477477477478,0.7094017094017094,0.7416666666666667,0.7408797164894726,0.8659578903481342,0.8788694875533691,240,117,123,95,28,34,83
A,5,100.0,0.5,0.7280701754385965,0.7477477477477478,0.7094017094017094,0.7416666666666667,0.7408797164894726,0.866166353971232,0.878997215246267,240,117,123,95,28,34,83
A,5,1000.0,0.5,0.7280701754385965,0.7477477477477478,0.7094017094017094,0.7416666666666667,0.7408797164894726,0.866166353971232,0.878997215246267,240,117,123,95,28,34,83
A,5,10000.0,0.5,0.7280701754385965,0.7477477477477478,0.7094017094017094,0.7416666666666667,0.7408797164894726,0.866166353971232,0.878997215246267,240,117,123,95,28,34,83
B,20,0.0001,0.5,0.6256983240223464,0.9032258064516129,0.47863247863247865,0.7208333333333333,0.7149259954138003,0.8061983183934404,0.8288875987024567,240,117,123,117,6,61,56
B,20,0.001,0.5,0.7766990291262136,0.898876404494382,0.6837606837606838,0.8083333333333333,0.8052949760266834,0.92585643805156,0.9233091854288314,240,117,123,114,9,37,80
B,20,0.01,0.5,0.8608695652173913,0.8761061946902655,0.8461538461538461,0.8666666666666667,0.8661663539712321,0.937599888819401,0.9413868179774602,240,117,123,109,14,18,99
B,20,0.1,0.5,0.8495575221238938,0.8807339449541285,0.8205128205128205,0.8583333333333333,0.8574108818011257,0.9387116948092558,0.942917762487613,240,117,123,110,13,21,96
B,20,1.0,0.5,0.8706896551724138,0.8782608695652174,0.8632478632478633,0.875,0.8747133625182406,0.9432284066430409,0.9496136673346774,240,117,123,109,14,16,101
B,20,10.0,0.5,0.8658008658008658,0.8771929824561403,0.8547008547008547,0.8708333333333333,0.8704398582447364,0.9428809672712113,0.9509639586740484,240,117,123,109,14,17,100
B,20,100.0,0.5,0.8695652173913043,0.8849557522123894,0.8547008547008547,0.875,0.8745048988951427,0.9423250642762838,0.9507113258670246,240,117,123,110,13,17,100
B,20,1000.0,0.5,0.8695652173913043,0.8849557522123894,0.8547008547008547,0.875,0.8745048988951427,0.942186088527552,0.9507385862784397,240,117,123,110,13,17,100
B,20,10000.0,0.5,0.8695652173913043,0.8849557522123894,0.8547008547008547,0.875,0.8745048988951427,0.9422555764019179,0.9506476360345283,240,117,123,110,13,17,100
C,62,0.0001,0.5,0.8,0.9318181818181818,0.7008547008547008,0.8291666666666667,0.8260371065249114,0.9257174623028281,0.9369322937073359,240,117,123,117,6,35,82
C,62,0.001,0.5,0.9,0.9611650485436893,0.8461538461538461,0.9083333333333333,0.906816760475297,0.9763741227155861,0.9770660735123631,240,117,123,119,4,18,99
C,62,0.01,0.5,0.933920704845815,0.9636363636363636,0.905982905982906,0.9375,0.936731290389827,0.9896463067194775,0.9901174934009408,240,117,123,119,4,11,106
C,62,0.1,0.5,0.9553571428571429,1.0,0.9145299145299145,0.9583333333333334,0.9572649572649572,0.9923563338197485,0.9926217612841942,240,117,123,123,0,10,107
C,62,1.0,0.5,0.960352422907489,0.990909090909091,0.9316239316239316,0.9625,0.9617469251615594,0.9924258216941144,0.9928776395557883,240,117,123,122,1,8,109
C,62,10.0,0.5,0.9519650655021834,0.9732142857142857,0.9316239316239316,0.9541666666666667,0.9536168438607463,0.9916614550760892,0.9920576516929729,240,117,123,120,3,8,109
C,62,100.0,0.5,0.9519650655021834,0.9732142857142857,0.9316239316239316,0.9541666666666667,0.9536168438607463,0.9912445278298937,0.9916228089564918,240,117,123,120,3,8,109
C,62,1000.0,0.5,0.9473684210526315,0.972972972972973,0.9230769230769231,0.95,0.949343339587242,0.9911750399555278,0.9915891546931205,240,117,123,120,3,9,108
C,62,10000.0,0.5,0.9473684210526315,0.972972972972973,0.9230769230769231,0.95,0.949343339587242,0.9913835035786256,0.9917405002790766,240,117,123,120,3,9,108
