sample_id,video_id,frame_number,environment_id,y_true,donor_id,donor_video_id,donor_environment_id,donor_palette_distance,donor_shortlist_size,naturalistic_luma_mae,naturalistic_median_chroma_displacement,naturalistic_gamut_compressed_fraction,rotation_luma_mae,rotation_gamut_compressed_fraction,p_original,p_grayscale,p_matched_rotation,p_naturalistic_v2,pred_original,pred_grayscale,pred_matched_rotation,pred_naturalistic_v2
testing/flip/0041_000000010,flip/0041,10,ENV-03,1,training/notflip/0015_000000010,notflip/0015,ENV-02,0.06693391029888925,16,0.16717320871913488,5.0208785634781306,0.009172935956790123,0.16529875028935165,0.01396170910493827,0.042028460651636124,0.9816995859146118,0.9999576807022095,0.0613320991396904,0,1,1,0
testing/flip/0048_000000011,flip/0048,11,ENV-03,1,training/flip/0020_000000017,flip/0020,ENV-02,0.05642455357536281,16,0.25550611950231467,6.374651796893532,0.02642746913580247,0.18196488406635772,0.011711516203703703,0.9929074048995972,0.9997839331626892,0.9999997615814209,0.49585211277008057,1,1,1,0
testing/flip/0050_000000023,flip/0050,23,ENV-04,1,training/flip/0012_000000021,flip/0012,ENV-02,0.05234888672402757,16,0.18415436844135855,4.981007169595122,0.09823977623456791,0.1618505340470675,0.030718557098765434,0.999848484992981,0.9999995231628418,0.9999922513961792,0.4823709726333618,1,1,1,0
testing/flip/0057_000000019,flip/0057,19,ENV-04,1,training/notflip/0015_000000001,notflip/0015,ENV-02,0.07304767698388011,16,0.1909710831404319,5.7787689245667595,0.09939332561728395,0.15660933285108009,0.027525559413580248,0.9998688697814941,0.9999963045120239,0.9999748468399048,0.41603603959083557,1,1,1,0
testing/flip/0058_000000019,flip/0058,19,ENV-04,1,training/notflip/0015_000000010,notflip/0015,ENV-02,0.078524972713973,16,0.186439501929012,6.0312493763445945,0.12665364583333333,0.1605877225115739,0.024144965277777777,0.9997749924659729,0.9999942779541016,0.9998183846473694,0.42078137397766113,1,1,1,0
testing/flip/0062_000000003,flip/0062,3,ENV-04,1,training/notflip/0015_000000006,notflip/0015,ENV-02,0.07693899611616106,16,0.18701335185185125,6.277028755231864,0.11335744598765432,0.16411758883101843,0.022417052469135803,0.9724489450454712,0.9999103546142578,0.9995142221450806,0.2602955102920532,1,1,1,0
testing/flip/0065_000000001,flip/0065,1,ENV-04,1,training/flip/0016_000000021,flip/0016,ENV-02,0.07209929913241281,16,0.1955447040895063,6.538250766630735,0.041956983024691356,0.16314024623842605,0.020560860339506173,0.8867394924163818,0.9997596144676208,0.999665379524231,0.39126554131507874,1,1,1,0
testing/notflip/0001_000000002,notflip/0001,2,ENV-01,0,training/notflip/0015_000000001,notflip/0015,ENV-02,0.05534248454765758,16,0.19416616165123377,4.408415864019577,0.016867283950617283,0.16867499488811707,0.03021363811728395,0.022845957428216934,0.9991262555122375,0.9249213337898254,0.0003861559962388128,0,1,1,0
testing/notflip/0001_000000004,notflip/0001,4,ENV-01,0,training/flip/0021_000000024,flip/0021,ENV-02,0.04313646912665517,16,0.18111832822145071,3.4673302667023873,0.014049961419753086,0.1686747030285492,0.030216531635802468,0.022722288966178894,0.9991273283958435,0.9249827861785889,0.001649946323595941,0,1,1,0
testing/notflip/0001_000000009,notflip/0001,9,ENV-01,0,training/notflip/0015_000000020,notflip/0015,ENV-02,0.051785576514734484,16,0.1657987777777771,4.387581045343736,0.00710889274691358,0.1697527691936726,0.030692033179012347,0.023552263155579567,0.9992071986198425,0.8861937522888184,0.000574471487198025,0,1,1,0
testing/notflip/0001_000000014,notflip/0001,14,ENV-01,0,training/flip/0011_000000015,flip/0011,ENV-02,0.027484817442989314,16,0.2093099592013886,2.4458914597570476,0.007663966049382716,0.17110611574074053,0.03214409722222222,0.031376905739307404,0.9993446469306946,0.8901382684707642,0.00444097351282835,0,1,1,0
testing/notflip/0001_000000024,notflip/0001,24,ENV-01,0,training/flip/0016_000000024,flip/0016,ENV-02,0.05436769780909009,16,0.13837266647376595,4.796784642026367,0.01529272762345679,0.1709658961226852,0.03163194444444444,0.07595372200012207,0.9992651343345642,0.924756646156311,0.02073558419942856,0,1,1,0
testing/notflip/0002_000000003,notflip/0002,3,ENV-01,0,training/notflip/0015_000000017,notflip/0015,ENV-02,0.06034317263148608,16,0.16725609037422828,4.4857103498167135,0.06644724151234568,0.16828170370370352,0.017119020061728395,0.0014146697940304875,0.9853445887565613,0.9995594620704651,6.785974983358756e-05,0,1,1,0
testing/notflip/0002_000000006,notflip/0002,6,ENV-01,0,training/flip/0021_000000022,flip/0021,ENV-02,0.04517795753905063,16,0.17503037114197506,3.522215471233482,0.04046344521604938,0.16849440451388867,0.01632764274691358,0.002253914950415492,0.9947033524513245,0.999534010887146,0.00022624577104579657,0,1,1,0
testing/notflip/0002_000000008,notflip/0002,8,ENV-01,0,training/flip/0015_000000020,flip/0015,ENV-02,0.04936135331571292,16,0.17119774575617258,4.304756945748228,0.06397762345679012,0.16757043258101817,0.01588204089506173,0.0032398044131696224,0.997089684009552,0.9996438026428223,0.0006343448767438531,0,1,1,0
testing/notflip/0002_000000012,notflip/0002,12,ENV-01,0,training/flip/0022_000000019,flip/0022,ENV-02,0.04859777783009353,16,0.16730509500385835,4.3047569457482275,0.07636043595679012,0.1672643667052466,0.01655960648148148,0.0042479922994971275,0.9978978633880615,0.9995644688606262,0.0003279983648099005,0,1,1,0
testing/notflip/0002_000000015,notflip/0002,15,ENV-01,0,training/notflip/0015_000000023,notflip/0015,ENV-02,0.04929795400031606,16,0.1778263482831786,3.9062731567883686,0.040550250771604936,0.1675032168209875,0.01819974922839506,0.004919918719679117,0.998830258846283,0.9996488094329834,0.00015123664343263954,0,1,1,0
testing/notflip/0002_000000026,notflip/0002,26,ENV-01,0,training/flip/0013_000000016,flip/0013,ENV-02,0.03421755846380872,16,0.1721781601080244,3.031628108449791,0.0385083912037037,0.16739758719135747,0.01884741512345679,0.02027888037264347,0.9998717308044434,0.9998581409454346,0.0017200239235535264,0,1,1,0
testing/notflip/0002_000000027,notflip/0002,27,ENV-01,0,training/flip/0016_000000010,flip/0016,ENV-02,0.03300278020398801,16,0.19571496961805585,3.03162810844979,0.018423514660493828,0.16758688802083277,0.01864872685185185,0.02487584948539734,0.9999058246612549,0.9999004602432251,0.007265456486493349,0,1,1,0
testing/notflip/0002_000000028,notflip/0002,28,ENV-01,0,training/flip/0030_000000016,flip/0030,ENV-02,0.031849505405659506,16,0.17057832841435175,2.898961237262796,0.03827208719135802,0.16791854031635747,0.018421103395061728,0.028621478006243706,0.9999099969863892,0.9999055862426758,0.0007976863998919725,0,1,1,0
testing/notflip/0003_000000004,notflip/0003,4,ENV-01,0,training/flip/0054_000000014,flip/0054,ENV-04,0.042868792148225594,16,0.19004937471064806,3.7175508651879756,0.03686197916666667,0.1664570574845681,0.028817515432098765,0.0006956652505323291,0.9769468903541565,0.9999334812164307,0.09277938306331635,0,1,1,0
testing/notflip/0003_000000018,notflip/0003,18,ENV-01,0,training/flip/0056_000000017,flip/0056,ENV-04,0.02163118892312814,16,0.16164710783179032,2.0697680688439775,0.0016459297839506173,0.1667831316550926,0.02146315586419753,0.006623269058763981,0.998598039150238,0.9989816546440125,0.11440687626600266,0,1,1,0
testing/notflip/0003_000000025,notflip/0003,25,ENV-01,0,training/flip/0016_000000011,flip/0016,ENV-02,0.035453230541785445,16,0.20397641878858094,3.269125383315365,0.012867476851851852,0.1690737261766977,0.02118971836419753,0.051457785069942474,0.9998514652252197,0.9992771744728088,0.013418270274996758,0,1,1,0
testing/notflip/0003_000000030,notflip/0003,30,ENV-01,0,training/flip/0030_000000018,flip/0030,ENV-02,0.030866697276889822,16,0.1854278775077155,2.564794180272624,0.03930893132716049,0.17140718508873462,0.02150077160493827,0.12263550609350204,0.9999556541442871,0.9997531771659851,0.0038057249039411545,0,1,1,0
testing/notflip/0004_000000002,notflip/0004,2,ENV-01,0,training/flip/0063_000000010,flip/0063,ENV-04,0.04745186762884505,16,0.17825301215277775,3.7175508651879747,0.02971113040123457,0.1617538847415127,0.03735725308641975,0.00500834733247757,0.9845742583274841,0.9996323585510254,0.4346100389957428,0,1,1,0
testing/notflip/0004_000000004,notflip/0004,4,ENV-01,0,training/flip/0061_000000012,flip/0061,ENV-04,0.04606914323992991,16,0.18083840219907377,3.7175508651879747,0.030808738425925925,0.16209236574074115,0.037155671296296294,0.0036349643487483263,0.9791924953460693,0.9996812343597412,0.40330320596694946,0,1,1,0
testing/notflip/0004_000000010,notflip/0004,10,ENV-01,0,training/notflip/0049_000000008,notflip/0049,ENV-04,0.03995447503893514,16,0.23133965190972228,2.5647941802726373,0.008503086419753086,0.16140518885030894,0.028365162037037036,0.0037948107346892357,0.9906116127967834,0.9999569654464722,0.048535946756601334,0,1,1,0
testing/notflip/0004_000000012,notflip/0004,12,ENV-01,0,training/flip/0061_000000009,flip/0061,ENV-04,0.048812636906070406,16,0.19148970717592637,4.1660839728234595,0.05104793595679012,0.1613383360339509,0.03820987654320988,0.006907958071678877,0.9978010058403015,0.9999831914901733,0.49416470527648926,0,1,1,0
testing/notflip/0004_000000015,notflip/0004,15,ENV-01,0,training/flip/0059_000000003,flip/0059,ENV-04,0.03998016184271986,16,0.23388155960648144,2.549860718757417,0.027294560185185186,0.1624840908564814,0.026128472222222223,0.04587811604142189,0.9992491602897644,0.9999808073043823,0.6546646356582642,0,1,1,1
testing/notflip/0004_000000016,notflip/0004,16,ENV-01,0,training/notflip/0045_000000023,notflip/0045,ENV-04,0.03154494663590085,16,0.2453809356674383,2.523785241463081,0.004907407407407407,0.16308386352237633,0.02462914737654321,0.04755657538771629,0.9996830224990845,0.99996018409729,0.3279078006744385,0,1,1,0
testing/notflip/0004_000000020,notflip/0004,20,ENV-01,0,training/notflip/0051_000000022,notflip/0051,ENV-04,0.027649223503919605,16,0.21765407928240751,1.7869767010135742,0.00867476851851852,0.1659118691165122,0.023600019290123456,0.06602650135755539,0.9995604157447815,0.9994514584541321,0.24987506866455078,0,1,1,0
testing/notflip/0004_000000023,notflip/0004,23,ENV-01,0,training/flip/0057_000000014,flip/0057,ENV-04,0.027698498458052976,16,0.20852890817901282,2.259160690744583,0.005241126543209877,0.1657389570794752,0.022099729938271605,0.039670679718256,0.9995251893997192,0.9990594983100891,0.3215324878692627,0,1,1,0
testing/notflip/0004_000000029,notflip/0004,29,ENV-01,0,training/flip/0016_000000023,flip/0016,ENV-02,0.05602275028284101,16,0.18122566232638856,4.304756945748235,0.059469039351851855,0.1654182881944444,0.021591917438271605,0.022674065083265305,0.9989761114120483,0.9960591793060303,0.010649803094565868,0,1,1,0
testing/notflip/0005_000000005,notflip/0005,5,ENV-01,0,training/notflip/0051_000000005,notflip/0051,ENV-04,0.05625504736150501,16,0.17944668788580215,3.3546050074166045,0.03037519290123457,0.16302123408564842,0.03984375,0.0016780890291556716,0.9990197420120239,0.9999991655349731,0.4052504897117615,0,1,1,0
testing/notflip/0005_000000009,notflip/0005,9,ENV-01,0,training/notflip/0057_000000006,notflip/0057,ENV-04,0.04899871186025254,16,0.20785983921682089,3.354605007416605,0.030842013888888888,0.16195244483024698,0.03394241898148148,0.0011657614959403872,0.9992175102233887,0.9999997615814209,0.1868206262588501,0,1,1,0
testing/notflip/0005_000000012,notflip/0005,12,ENV-01,0,training/flip/0061_000000012,flip/0061,ENV-04,0.05393873728773345,16,0.17611159182098757,4.166083972823463,0.053081114969135805,0.16126258651620373,0.03145978009259259,0.0015059234574437141,0.9998262524604797,0.9999996423721313,0.7876763343811035,0,1,1,1
testing/notflip/0005_000000018,notflip/0005,18,ENV-01,0,training/notflip/0015_000000016,notflip/0015,ENV-02,0.0449855625464066,16,0.19870093354552432,2.9932002844583026,0.04372251157407407,0.15924076784336408,0.027438753858024693,0.0012902048183605075,0.99950110912323,0.9999681711196899,0.00018546025967225432,0,1,1,0
testing/notflip/0005_000000022,notflip/0005,22,ENV-01,0,training/flip/0016_000000024,flip/0016,ENV-02,0.04911834112860543,16,0.1606481104359564,4.3047569457482275,0.04404610339506173,0.1592306308834875,0.02472752700617284,0.010955266654491425,0.9999198913574219,0.9999847412109375,0.003333478467538953,0,1,1,0
testing/notflip/0006_000000009,notflip/0006,9,ENV-01,0,training/flip/0056_000000018,flip/0056,ENV-04,0.058199564503050354,16,0.1739993990162035,4.523982264455884,0.04002073688271605,0.1604352429591049,0.04360050154320988,0.005662783049046993,0.9959631562232971,0.999992847442627,0.451046347618103,0,1,1,0
testing/notflip/0006_000000015,notflip/0006,15,ENV-01,0,training/flip/0059_000000008,flip/0059,ENV-04,0.05729809505858521,16,0.18566372685185178,4.166083972823463,0.04167534722222222,0.15668984191743832,0.042567033179012344,0.005904507357627153,0.9972870349884033,0.9999960660934448,0.7614741325378418,0,1,1,1
testing/notflip/0006_000000016,notflip/0006,16,ENV-01,0,training/flip/0051_000000015,flip/0051,ENV-04,0.05910521098946742,16,0.1829876439043211,4.537365806002089,0.06017746913580247,0.15603157581018529,0.0419212962962963,0.007858331315219402,0.9967137575149536,0.9999958276748657,0.7871131300926208,0,1,1,1
testing/notflip/0006_000000019,notflip/0006,19,ENV-01,0,training/flip/0061_000000013,flip/0061,ENV-04,0.05541846356275776,16,0.19820865248842565,4.139536137687958,0.04892891589506173,0.15914249450231482,0.03988811728395062,0.005528926383703947,0.9919780492782593,0.9999957084655762,0.5184895396232605,0,1,1,1
testing/notflip/0006_000000021,notflip/0006,21,ENV-01,0,training/flip/0059_000000003,flip/0059,ENV-04,0.0515572817437554,16,0.18617062201003112,3.717550865187972,0.029771894290123457,0.15925461342592584,0.03928771219135802,0.003548229346051812,0.9897893071174622,0.9999960660934448,0.21362261474132538,0,1,1,0
testing/notflip/0006_000000023,notflip/0006,23,ENV-01,0,training/notflip/0053_000000018,notflip/0053,ENV-04,0.036888918682076895,16,0.1822263856095683,2.2591606907445927,0.006293885030864197,0.15964462123842604,0.03474392361111111,0.008780495263636112,0.9928321838378906,0.9999878406524658,0.10714907944202423,0,1,1,0
testing/notflip/0006_000000025,notflip/0006,25,ENV-01,0,training/notflip/0015_000000006,notflip/0015,ENV-02,0.04345098859234117,16,0.20617522868441365,2.960092971313345,0.01775077160493827,0.15990917139274693,0.03335648148148148,0.0042157662101089954,0.9835945963859558,0.9999706745147705,0.0004992044414393604,0,1,1,0
testing/notflip/0006_000000027,notflip/0006,27,ENV-01,0,training/flip/0058_000000018,flip/0058,ENV-04,0.03773832606262565,16,0.1730841969521604,2.465934161629782,0.006244695216049383,0.15968767910879633,0.03231819058641975,0.003300089156255126,0.9836469292640686,0.9999692440032959,0.059728968888521194,0,1,1,0
testing/notflip/0006_000000028,notflip/0006,28,ENV-01,0,training/notflip/0051_000000006,notflip/0051,ENV-04,0.03600867181462782,16,0.17027608420138912,2.0697680688439806,0.0061940586419753085,0.15983151929012349,0.03088252314814815,0.0011119430419057608,0.9701213240623474,0.9999469518661499,0.014075308106839657,0,1,1,0
testing/notflip/0006_000000029,notflip/0006,29,ENV-01,0,training/flip/0061_000000014,flip/0061,ENV-04,0.03963199719842394,16,0.2125711624228398,3.354605007416595,0.03001687885802469,0.159799106867284,0.030829475308641975,0.001130530727095902,0.9698193669319153,0.9999476671218872,0.040592972189188004,0,1,1,0
testing/notflip/0007_000000010,notflip/0007,10,ENV-01,0,training/notflip/0047_000000016,notflip/0047,ENV-04,0.04016253546473035,16,0.22510162798996897,2.762673909771976,0.029675443672839506,0.16355877411265424,0.029679783950617284,0.0011613230453804135,0.9954566955566406,0.9999996423721313,0.06544581055641174,0,1,1,0
testing/notflip/0007_000000025,notflip/0007,25,ENV-01,0,training/flip/0056_000000014,flip/0056,ENV-04,0.03723501454934669,16,0.1961769514853399,2.8856199634506696,0.008498746141975308,0.16316702835648123,0.026070601851851852,0.006356585305184126,0.9973733425140381,0.9999994039535522,0.3022570312023163,0,1,1,0
testing/notflip/0008_000000008,notflip/0008,8,ENV-01,0,training/notflip/0049_000000024,notflip/0049,ENV-04,0.05226268326167107,16,0.18734570032793213,3.8247910781361156,0.030830922067901233,0.16765212914737662,0.0354808063271605,0.00046692663454450667,0.9947675466537476,0.9999983310699463,0.06709762662649155,0,1,1,0
testing/notflip/0008_000000009,notflip/0008,9,ENV-01,0,training/notflip/0047_000000021,notflip/0047,ENV-04,0.05365169586457919,16,0.19797848215663566,4.1660839728234595,0.031676311728395065,0.16741912152777796,0.03541714891975309,0.0004923454253003001,0.996086835861206,0.9999990463256836,0.12792284786701202,0,1,1,0
testing/notflip/0008_000000012,notflip/0008,12,ENV-01,0,training/flip/0063_000000012,flip/0063,ENV-04,0.05920456315897851,16,0.19292043045910479,4.537365806002091,0.0495630787037037,0.1675192125771607,0.0357764274691358,0.0008121936116367579,0.9989961981773376,0.9999996423721313,0.7126287221908569,0,1,1,1
testing/notflip/0008_000000013,notflip/0008,13,ENV-01,0,training/flip/0058_000000018,flip/0058,ENV-04,0.05189516392826285,16,0.2011632068865741,3.8247910781361147,0.031237461419753088,0.16643583844521634,0.03426359953703704,0.0021369175519794226,0.9993975162506104,0.9999997615814209,0.6626595854759216,0,1,1,1
testing/notflip/0008_000000020,notflip/0008,20,ENV-01,0,training/flip/0064_000000020,flip/0064,ENV-04,0.03967337041486704,16,0.20397699816743853,3.3546050074166036,0.029410204475308642,0.16808522183641955,0.018598090277777778,0.002505379728972912,0.9999130964279175,0.9999984502792358,0.6723882555961609,0,1,1,1
testing/notflip/0008_000000023,notflip/0008,23,ENV-01,0,training/flip/0017_000000016,flip/0017,ENV-02,0.030866565704835935,16,0.1404608602430552,2.455234236120757,0.016022858796296297,0.16672118807870367,0.018978587962962964,0.009599532932043076,0.9999301433563232,0.999988317489624,0.0009077006252482533,0,1,1,0
testing/notflip/0009_000000002,notflip/0009,2,ENV-01,0,training/flip/0057_000000016,flip/0057,ENV-04,0.05387915333519709,16,0.16172985725308625,4.5373658060020885,0.029563078703703703,0.1663304194637348,0.03333622685185185,0.001392997452057898,0.9996470212936401,0.9999995231628418,0.3666546940803528,0,1,1,0
testing/notflip/0009_000000003,notflip/0009,3,ENV-01,0,training/flip/0056_000000014,flip/0056,ENV-04,0.06004141415260855,16,0.16033796344521636,4.931868323259564,0.03177517361111111,0.1670254618055557,0.03350983796296296,0.0014414464822039008,0.9996404647827148,0.9999995231628418,0.7917627692222595,0,1,1,1
testing/notflip/0009_000000004,notflip/0009,4,ENV-01,0,training/flip/0065_000000017,flip/0065,ENV-04,0.046190424322345186,16,0.19329117312885788,4.166083972823459,0.030681905864197532,0.16640456838348772,0.033138985339506176,0.0018118125153705478,0.9997274279594421,0.9999996423721313,0.3604922890663147,0,1,1,0
testing/notflip/0009_000000005,notflip/0009,5,ENV-01,0,training/flip/0058_000000012,flip/0058,ENV-04,0.05508266813653306,16,0.18641109481095702,4.1660839728234595,0.030407503858024692,0.16598368248456802,0.032745466820987654,0.0014496751828119159,0.9996833801269531,0.9999997615814209,0.7507023811340332,0,1,1,1
testing/notflip/0009_000000012,notflip/0009,12,ENV-01,0,training/notflip/0049_000000017,notflip/0049,ENV-04,0.042522514438693815,16,0.21346362770061758,3.7175508651879747,0.025377121913580245,0.16818636323302497,0.025813078703703703,0.0005724832881242037,0.998295247554779,0.9999986886978149,0.10682602971792221,0,1,1,0
testing/notflip/0009_000000015,notflip/0009,15,ENV-01,0,training/flip/0057_000000016,flip/0057,ENV-04,0.03792208470742046,16,0.20228497260802467,3.3546050074165947,0.004347511574074074,0.16558470630787045,0.024683159722222223,0.0011737613240256906,0.9976372718811035,0.9999963045120239,0.0916242003440857,0,1,1,0
testing/notflip/0009_000000017,notflip/0009,17,ENV-01,0,training/flip/0059_000000005,flip/0059,ENV-04,0.041703636820019374,16,0.2088404456018521,3.3546050074166045,0.026038773148148148,0.16657470929783946,0.02385127314814815,0.0026546218432486057,0.9984139204025269,0.9999971389770508,0.5609732866287231,0,1,1,1
testing/notflip/0009_000000027,notflip/0009,27,ENV-01,0,training/flip/0011_000000020,flip/0011,ENV-02,0.037200440273036234,16,0.16111955275848713,3.03162810844979,0.038451485339506174,0.16385954436728417,0.022334104938271603,0.006169056054204702,0.9972875118255615,0.9999904632568359,0.001069237943738699,0,1,1,0
testing/notflip/0010_000000007,notflip/0010,7,ENV-01,0,training/flip/0021_000000025,flip/0021,ENV-02,0.040456220718411706,16,0.15516230767746864,3.2691253833153704,0.025320698302469136,0.1593612710262346,0.023491030092592593,0.0018345908029004931,0.9755855202674866,0.9999935626983643,0.00038332247640937567,0,1,1,0
testing/notflip/0010_000000009,notflip/0010,9,ENV-01,0,training/notflip/0015_000000017,notflip/0015,ENV-02,0.05215549344967222,16,0.1671708804012344,3.9062731567883886,0.04957368827160494,0.15960355989583325,0.0218774112654321,0.0028871214017271996,0.963104784488678,0.9999856948852539,0.0001559545489726588,0,1,1,0
testing/notflip/0010_000000026,notflip/0010,26,ENV-01,0,training/flip/0015_000000024,flip/0015,ENV-02,0.04802129635075376,16,0.19552884799382658,4.018393733648166,0.04214988425925926,0.1605012094907404,0.019813368055555555,0.02943216636776924,0.9995656609535217,0.9999905824661255,0.007148249074816704,0,1,1,0
testing/notflip/0011_000000017,notflip/0011,17,ENV-01,0,training/notflip/0051_000000014,notflip/0051,ENV-04,0.03482005496540222,16,0.19001013233024747,2.069768068843977,0.0077729552469135805,0.15942786487268526,0.022900752314814816,0.004026596900075674,0.990380048751831,0.9999997615814209,0.045506324619054794,0,1,1,0
testing/notflip/0011_000000018,notflip/0011,18,ENV-01,0,training/notflip/0015_000000012,notflip/0015,ENV-02,0.04513931292534016,16,0.2074436207561727,3.4341412400196587,0.04410734953703704,0.15983262451774688,0.021667631172839506,0.004843988921493292,0.9955507516860962,0.9999997615814209,0.00041534489719197154,0,1,1,0
testing/notflip/0011_000000027,notflip/0011,27,ENV-01,0,training/flip/0015_000000020,flip/0015,ENV-02,0.04245099435507438,16,0.16400498302469158,3.8247910781361156,0.0607494212962963,0.15612606992669723,0.018098958333333335,0.01801423542201519,0.9989200830459595,0.9999815225601196,0.003510133596137166,0,1,1,0
testing/notflip/0015_000000002,notflip/0015,2,ENV-02,0,training/flip/0059_000000001,flip/0059,ENV-04,0.08377699996531152,16,0.21326220823688352,5.129588360545247,0.03437644675925926,0.15228136429398093,0.059912229938271604,0.041130851954221725,0.8954023122787476,0.99997878074646,0.9211186170578003,0,1,1,1
testing/notflip/0015_000000003,notflip/0015,3,ENV-02,0,training/flip/0059_000000010,flip/0059,ENV-04,0.07336499839964042,16,0.20794959288194514,4.91046847224155,0.03438994984567901,0.15170664255401178,0.060224729938271604,0.030032427981495857,0.8316515684127808,0.9999791383743286,0.899983823299408,0,1,1,1
testing/notflip/0015_000000004,notflip/0015,4,ENV-02,0,training/notflip/0044_000000015,notflip/0044,ENV-04,0.07729719290990268,16,0.18214782764274753,5.1295883605452675,0.03378327546296296,0.15140609047067846,0.06080295138888889,0.015908878296613693,0.7983159422874451,0.9999713897705078,0.4873898923397064,0,1,1,0
testing/notflip/0015_000000005,notflip/0015,5,ENV-02,0,training/flip/0058_000000013,flip/0058,ENV-04,0.08417680564917855,16,0.24027872617669704,5.12958836054526,0.03315152391975309,0.1508839382716044,0.05990596064814815,0.009372380562126637,0.7604223489761353,0.9999649524688721,0.7843630909919739,0,1,1,1
testing/notflip/0015_000000018,notflip/0015,18,ENV-02,0,training/flip/0062_000000010,flip/0062,ENV-04,0.07597733898638359,16,0.21747892119984588,5.43685846096915,0.028454378858024692,0.15052501774691285,0.040101273148148146,0.014810211025178432,0.48355770111083984,0.9999953508377075,0.30262380838394165,0,0,1,0
testing/notflip/0015_000000021,notflip/0015,21,ENV-02,0,training/flip/0054_000000012,flip/0054,ENV-04,0.07863200929100238,16,0.20353330111882725,5.7787689245667675,0.03004099151234568,0.1481967946566355,0.027060667438271607,0.02367081306874752,0.5401784777641296,0.999993085861206,0.4379710257053375,0,1,1,0
testing/notflip/0016_000000001,notflip/0016,1,ENV-02,0,training/notflip/0006_000000007,notflip/0006,ENV-01,0.042795022126192954,16,0.23094355960648094,3.8247910781361227,0.028839216820987654,0.166865466628086,0.014002700617283951,0.04242779687047005,0.8113178014755249,0.9991951584815979,0.12966421246528625,0,1,1,0
testing/notflip/0016_000000014,notflip/0016,14,ENV-02,0,training/notflip/0011_000000002,notflip/0011,ENV-01,0.033492909328279384,16,0.18117528298611135,2.8989612372627978,0.01949025848765432,0.16701193624614197,0.015090181327160494,0.10887132585048676,0.9667375683784485,0.9996966123580933,0.3676653206348419,0,1,1,0
testing/notflip/0016_000000020,notflip/0016,20,ENV-02,0,training/notflip/0008_000000003,notflip/0008,ENV-01,0.036845719540901864,16,0.18681151581790176,3.3546050074165996,0.020665991512345678,0.16688733960262328,0.01713059413580247,0.07403069734573364,0.964643120765686,0.999626636505127,0.25192365050315857,0,1,1,0
testing/notflip/0016_000000023,notflip/0016,23,ENV-02,0,training/notflip/0006_000000017,notflip/0006,ENV-01,0.03517967972915849,16,0.18277874556327164,3.354605007416599,0.02041184413580247,0.16763355970293195,0.016902488425925927,0.1134217381477356,0.9686484336853027,0.9996538162231445,0.24319066107273102,0,1,1,0
testing/notflip/0016_000000025,notflip/0016,25,ENV-02,0,training/notflip/0009_000000008,notflip/0009,ENV-01,0.032742486381800585,16,0.21375856819058658,3.354605007416599,0.021378279320987653,0.1676650835262343,0.017141203703703704,0.08819129317998886,0.9586043953895569,0.9991028308868408,0.2080002725124359,0,1,1,0
testing/notflip/0019_000000002,notflip/0019,2,ENV-02,0,training/notflip/0007_000000016,notflip/0007,ENV-01,0.02466970905936728,16,0.17037436709104958,2.051835344218087,0.003002025462962963,0.16842478202160455,0.015304301697530864,0.04651148244738579,0.9569994211196899,0.9994966983795166,0.22482675313949585,0,1,1,0
testing/notflip/0019_000000004,notflip/0019,4,ENV-02,0,training/notflip/0004_000000014,notflip/0004,ENV-01,0.02619441911922738,16,0.1736986983989198,2.259160690744582,0.0029677854938271603,0.16860035763888856,0.01595582561728395,0.03254722058773041,0.9505255222320557,0.9995089769363403,0.23238621652126312,0,1,1,0
testing/notflip/0019_000000012,notflip/0019,12,ENV-02,0,training/notflip/0008_000000002,notflip/0008,ENV-01,0.04026578898887286,16,0.18343635117669782,3.3546050074166045,0.021805555555555557,0.1689345053047837,0.018802083333333334,0.00848776288330555,0.8972931504249573,0.9994367957115173,0.0358194075524807,0,1,1,0
testing/notflip/0019_000000015,notflip/0019,15,ENV-02,0,training/notflip/0006_000000002,notflip/0006,ENV-01,0.046257035986796265,16,0.21017807561728424,4.5373658060020885,0.030083429783950618,0.16866258719135782,0.018747588734567902,0.020650053396821022,0.9221131205558777,0.999679446220398,0.075016550719738,0,1,1,0
testing/notflip/0019_000000024,notflip/0019,24,ENV-02,0,training/notflip/0004_000000014,notflip/0004,ENV-01,0.02447083860973206,16,0.16530694251543201,2.0518353442181154,0.0026919367283950615,0.16786007716049367,0.01683497299382716,0.031961970031261444,0.956390917301178,0.9995712637901306,0.2081916481256485,0,1,1,0
testing/notflip/0019_000000025,notflip/0019,25,ENV-02,0,training/notflip/0005_000000007,notflip/0005,ENV-01,0.0423314832944494,16,0.18165899479166692,3.522215471233474,0.02115162037037037,0.1679148156828702,0.01702498070987654,0.032976631075143814,0.9433845281600952,0.9995343685150146,0.0953991636633873,0,1,1,0
testing/notflip/0019_000000027,notflip/0019,27,ENV-02,0,training/flip/0061_000000013,flip/0061,ENV-04,0.020251246339171095,16,0.1890915064621913,2.2591606907445825,0.018427854938271603,0.16899465596064797,0.01701533564814815,0.026967203244566917,0.955549955368042,0.9995829463005066,0.5480448603630066,0,1,1,1
testing/notflip/0020_000000004,notflip/0020,4,ENV-02,0,training/notflip/0006_000000001,notflip/0006,ENV-01,0.04905935942934131,16,0.19569285127314873,4.628021222611885,0.03530960648148148,0.1691915438850307,0.019390914351851852,0.0115561718121171,0.7110577821731567,0.9986120462417603,0.07983622699975967,0,1,1,0
testing/notflip/0020_000000010,notflip/0020,10,ENV-02,0,training/notflip/0006_000000002,notflip/0006,ENV-01,0.04986297905606144,16,0.1956991304976853,4.931868323259562,0.034693287037037036,0.16978587229938266,0.018451967592592593,0.020873956382274628,0.853481650352478,0.9991733431816101,0.1289769411087036,0,1,1,0
testing/notflip/0020_000000016,notflip/0020,16,ENV-02,0,training/notflip/0008_000000004,notflip/0008,ENV-01,0.042630288974852486,16,0.20291814670138886,3.824791078136115,0.021967592592592594,0.16977857484567893,0.02046537422839506,0.018379682675004005,0.8834086060523987,0.9994657635688782,0.1296604871749878,0,1,1,0
testing/notflip/0020_000000019,notflip/0020,19,ENV-02,0,training/notflip/0005_000000007,notflip/0005,ENV-01,0.04277789562900737,16,0.1797864405864198,3.7175508651879747,0.021926118827160494,0.1695056829668209,0.022371720679012344,0.011511811055243015,0.8305111527442932,0.9991180300712585,0.10410753637552261,0,1,1,0
testing/notflip/0021_000000024,notflip/0021,24,ENV-02,0,training/notflip/0005_000000007,notflip/0005,ENV-01,0.03393728985485206,16,0.14020967814428956,3.3546050074165983,0.004916087962962963,0.1766392544367287,0.01788966049382716,0.008973670192062855,0.9717758297920227,0.9997608065605164,0.0480499342083931,0,1,1,0
testing/notflip/0021_000000026,notflip/0021,26,ENV-02,0,training/flip/0063_000000012,flip/0063,ENV-04,0.028001966344654197,16,0.15480970891203655,3.03162810844979,0.016006462191358026,0.17398104166666695,0.017353395061728394,0.016193676739931107,0.9851983189582825,0.9997864365577698,0.6231346726417542,0,1,1,1
testing/notflip/0023_000000014,notflip/0023,14,ENV-02,0,training/flip/0059_000000006,flip/0059,ENV-04,0.03246480003086383,16,0.20436204619984571,2.762673909771986,0.012175925925925925,0.18490631780478398,0.030671778549382717,0.014947731979191303,0.9758712649345398,0.9999793767929077,0.8791269063949585,0,1,1,1
testing/notflip/0023_000000020,notflip/0023,20,ENV-02,0,training/notflip/0009_000000001,notflip/0009,ENV-01,0.04204883549000565,16,0.17773646961805573,3.8247910781361267,0.021980613425925926,0.18145033796296292,0.0183227237654321,0.004220813512802124,0.8152616024017334,0.9993921518325806,0.026455087587237358,0,1,1,0
testing/notflip/0023_000000024,notflip/0023,24,ENV-02,0,training/notflip/0006_000000008,notflip/0006,ENV-01,0.04575753784241379,16,0.17114368518518533,3.71755086518798,0.02133150077160494,0.18171684577546285,0.016710069444444444,0.002128556603565812,0.7564842700958252,0.9987167119979858,0.014917234890162945,0,1,1,0
testing/notflip/0023_000000029,notflip/0023,29,ENV-02,0,training/notflip/0006_000000012,notflip/0006,ENV-01,0.042504250752992176,16,0.1566949759837959,3.7175508651879747,0.021109664351851853,0.18221606876929006,0.016863425925925928,0.003197792451828718,0.830105185508728,0.9994910955429077,0.015708331018686295,0,1,1,0
testing/notflip/0023_000000030,notflip/0023,30,ENV-02,0,training/notflip/0006_000000002,notflip/0006,ENV-01,0.04597727992478129,16,0.1605703124035491,4.109890269382969,0.024404899691358024,0.18224175183256175,0.01708960262345679,0.0033800415694713593,0.7700193524360657,0.999427855014801,0.027364682406187057,0,1,1,0
testing/notflip/0024_000000002,notflip/0024,2,ENV-02,0,training/notflip/0005_000000011,notflip/0005,ENV-01,0.04271207941483304,16,0.22115723794367312,3.0316281084497985,0.004669656635802469,0.1815404351851851,0.01570408950617284,0.00681730080395937,0.6050967574119568,0.9987978935241699,0.039402786642313004,0,1,1,0
testing/notflip/0024_000000004,notflip/0024,4,ENV-02,0,training/notflip/0008_000000005,notflip/0008,ENV-01,0.04985916842156258,16,0.2178167693865733,3.8247910781361214,0.01584056712962963,0.18163779359567894,0.01439284336419753,0.023373840376734734,0.6635496616363525,0.9983102083206177,0.10065817087888718,0,1,1,0
testing/notflip/0024_000000006,notflip/0024,6,ENV-02,0,training/notflip/0007_000000003,notflip/0007,ENV-01,0.044622912857596536,16,0.1954494901620377,3.3546050074166045,0.00701051311728395,0.1812345813078703,0.013523341049382716,0.005224430933594704,0.5249952077865601,0.9979859590530396,0.022006649523973465,0,1,1,0
testing/notflip/0024_000000007,notflip/0024,7,ENV-02,0,training/notflip/0008_000000014,notflip/0008,ENV-01,0.04678392635812162,16,0.19815344608410446,3.5222154712334826,0.0048760609567901235,0.18118426070601842,0.013682484567901235,0.004556634929031134,0.528704047203064,0.9977043271064758,0.01535746455192566,0,1,1,0
testing/notflip/0024_000000019,notflip/0024,19,ENV-02,0,training/notflip/0004_000000013,notflip/0004,ENV-01,0.03214820619317773,16,0.17101383738425835,2.549860718757413,0.0038073881172839504,0.18078573572530876,0.016374421296296297,0.008089183829724789,0.8563715219497681,0.9993953704833984,0.06014417111873627,0,1,1,0
testing/notflip/0024_000000020,notflip/0024,20,ENV-02,0,training/notflip/0006_000000011,notflip/0006,ENV-01,0.04817833441250423,16,0.18907306751543274,3.71755086518798,0.022103105709876544,0.18106317862654328,0.017491801697530864,0.006397980730980635,0.8218116760253906,0.9992639422416687,0.03303815796971321,0,1,1,0
testing/notflip/0024_000000022,notflip/0024,22,ENV-02,0,training/notflip/0011_000000008,notflip/0011,ENV-01,0.03916737914256111,16,0.1343396490162045,2.898961237262799,0.00554639274691358,0.18152362924382723,0.018878761574074074,0.004848259035497904,0.7702311277389526,0.9992730021476746,0.054053667932748795,0,1,1,0
testing/notflip/0024_000000024,notflip/0024,24,ENV-02,0,training/notflip/0053_000000003,notflip/0053,ENV-04,0.018286432177402973,16,0.17439926581790136,1.7358865063973297,0.012827449845679012,0.18162478337191362,0.01874903549382716,0.007901335135102272,0.8601373434066772,0.9996249675750732,0.038693562150001526,0,1,1,0
testing/notflip/0024_000000025,notflip/0024,25,ENV-02,0,training/notflip/0005_000000004,notflip/0005,ENV-01,0.04777034589192289,16,0.17306999836033987,3.824791078136116,0.013135609567901234,0.18119535445601853,0.01898099922839506,0.010256498120725155,0.882274329662323,0.9997017979621887,0.0662093535065651,0,1,1,0
testing/notflip/0025_000000010,notflip/0025,10,ENV-02,0,training/flip/0051_000000013,flip/0051,ENV-04,0.03422822020209025,16,0.22446712953317935,3.2691253833153757,0.016886091820987655,0.1856486596257716,0.027665412808641977,0.0008983099251054227,0.9843767881393433,0.9999912977218628,0.5088903307914734,0,1,1,1
testing/notflip/0025_000000011,notflip/0025,11,ENV-02,0,training/notflip/0051_000000019,notflip/0051,ENV-04,0.023597264207044433,16,0.1619974111689819,1.9545980263454124,0.001314621913580247,0.1867557516396604,0.02466869212962963,0.001741055748425424,0.9869363903999329,0.9999831914901733,0.08601934462785721,0,1,1,0
testing/notflip/0025_000000013,notflip/0025,13,ENV-02,0,training/notflip/0006_000000008,notflip/0006,ENV-01,0.03974077762071428,16,0.13520975221836473,3.7175508651879747,0.01066358024691358,0.18669551601080228,0.02025318287037037,0.0050594387575984,0.9850943088531494,0.9999325275421143,0.05782901123166084,0,1,1,0
testing/notflip/0025_000000018,notflip/0025,18,ENV-02,0,training/notflip/0006_000000006,notflip/0006,ENV-01,0.05196938349219468,16,0.1799596860532413,4.628021222611885,0.01939477237654321,0.18352688078703666,0.015442226080246913,0.003762955078855157,0.7924152612686157,0.9984771609306335,0.039844054728746414,0,1,1,0
testing/notflip/0025_000000021,notflip/0025,21,ENV-02,0,training/notflip/0011_000000013,notflip/0011,ENV-01,0.03822221129664971,16,0.1449474446373445,3.0316281084497905,0.0033912037037037036,0.18269382648533916,0.016355131172839505,0.004209543112665415,0.7678568959236145,0.9980601668357849,0.05583693087100983,0,1,1,0
testing/notflip/0025_000000022,notflip/0025,22,ENV-02,0,training/notflip/0006_000000005,notflip/0006,ENV-01,0.05222679136705634,16,0.20767419319058622,4.53736580600209,0.02084008487654321,0.18240187750771564,0.016940586419753087,0.004527522716671228,0.7890053391456604,0.9985044002532959,0.04668862000107765,0,1,1,0
testing/notflip/0025_000000025,notflip/0025,25,ENV-02,0,training/notflip/0011_000000005,notflip/0011,ENV-01,0.04151965943411834,16,0.16482804340277787,3.3546050074166045,0.013438464506172839,0.18264952700617246,0.017490837191358025,0.005634097382426262,0.7105410099029541,0.9984788298606873,0.05776422843337059,0,1,1,0
testing/notflip/0026_000000004,notflip/0026,4,ENV-02,0,training/flip/0059_000000007,flip/0059,ENV-04,0.03556556724503811,16,0.2119992391975313,3.031628108449791,0.01693913966049383,0.1866556164158954,0.03888551311728395,0.003179301042109728,0.9858134388923645,0.9999886751174927,0.7818821668624878,0,1,1,1
testing/notflip/0026_000000005,notflip/0026,5,ENV-02,0,training/flip/0057_000000018,flip/0057,ENV-04,0.027874092813390032,16,0.18308219405864237,2.4552342361207753,0.011226851851851852,0.18896980343364225,0.03829234182098765,0.0022852448746562004,0.9833672046661377,0.999992847442627,0.2672712206840515,0,1,1,0
testing/notflip/0026_000000010,notflip/0026,10,ENV-02,0,training/flip/0057_000000014,flip/0057,ENV-04,0.032148487920160826,16,0.1806897828896604,2.762673909771976,0.01133005401234568,0.19043051157407417,0.03184702932098765,0.0015398229006677866,0.9894586801528931,0.9999942779541016,0.33413758873939514,0,1,1,0
testing/notflip/0026_000000014,notflip/0026,14,ENV-02,0,training/notflip/0006_000000012,notflip/0006,ENV-01,0.03675050543623571,16,0.1434623325617292,3.2879122155063754,0.012873746141975308,0.18748268807870347,0.02162133487654321,0.024239635095000267,0.9651211500167847,0.9999755620956421,0.1799328774213791,0,1,1,0
testing/notflip/0026_000000024,notflip/0026,24,ENV-02,0,training/notflip/0008_000000005,notflip/0008,ENV-01,0.044904702610713484,16,0.17319597145061713,3.7175508651879796,0.01204909336419753,0.1849362405478394,0.013350212191358025,0.0014056680956855416,0.7710191607475281,0.9995793700218201,0.004267125856131315,0,1,1,0
testing/notflip/0026_000000029,notflip/0026,29,ENV-02,0,training/notflip/0007_000000002,notflip/0007,ENV-01,0.0393153897911737,16,0.1290790670331802,3.3546050074166036,0.002490354938271605,0.18734929687500018,0.012784047067901235,0.003518267534673214,0.677744448184967,0.9995297193527222,0.013218237087130547,0,1,1,0
testing/notflip/0027_000000001,notflip/0027,1,ENV-03,0,training/flip/0051_000000014,flip/0051,ENV-04,0.033670941507815785,16,0.18424181143904303,3.717550865187977,0.020554591049382717,0.1702457416087966,0.017086709104938272,0.00041707654600031674,0.9318505525588989,0.99988853931427,0.1406475454568863,0,1,1,0
testing/notflip/0027_000000004,notflip/0027,4,ENV-03,0,training/notflip/0008_000000003,notflip/0008,ENV-01,0.027822753078106513,16,0.15832533767361132,2.5237852414630817,0.002729070216049383,0.1694443794367288,0.01755835262345679,0.0005184356123209,0.9499271512031555,0.9998992681503296,0.020321885123848915,0,1,1,0
testing/notflip/0027_000000010,notflip/0027,10,ENV-03,0,training/notflip/0009_000000001,notflip/0009,ENV-01,0.03150482296596621,16,0.15293762336033975,2.9932002844582954,0.004029224537037037,0.1679563535879637,0.01673852237654321,0.0009140443289652467,0.9252188801765442,0.999919056892395,0.015599073842167854,0,1,1,0
testing/notflip/0027_000000013,notflip/0027,13,ENV-03,0,training/flip/0051_000000014,flip/0051,ENV-04,0.03263790517363356,16,0.18481212432484617,3.434141240019617,0.024074074074074074,0.1677880030864203,0.017368827160493826,0.001001911354251206,0.9455673098564148,0.9999128580093384,0.1784115433692932,0,1,1,0
testing/notflip/0027_000000017,notflip/0027,17,ENV-03,0,training/flip/0057_000000011,flip/0057,ENV-04,0.0379998831223304,16,0.20093343152006252,3.3282093938138804,0.023667052469135804,0.17109150858410538,0.01570601851851852,0.0020704157650470734,0.9934993982315063,0.9999873638153076,0.389791876077652,0,1,1,0
testing/notflip/0027_000000022,notflip/0027,22,ENV-03,0,training/flip/0059_000000004,flip/0059,ENV-04,0.03900735326146267,16,0.2136845325038589,3.5263444759213134,0.026631944444444444,0.169085833140432,0.021023823302469137,0.0019090981222689152,0.9942323565483093,0.9999970197677612,0.7700756192207336,0,1,1,1
testing/notflip/0027_000000023,notflip/0027,23,ENV-03,0,training/flip/0059_000000005,flip/0059,ENV-04,0.03887491749822186,16,0.21109152006172935,3.5263444759213134,0.026900559413580247,0.16999487162422824,0.021784336419753088,0.0013833163538947701,0.9919368028640747,0.9999951124191284,0.7434518933296204,0,1,1,1
testing/notflip/0028_000000004,notflip/0028,4,ENV-03,0,training/flip/0055_000000013,flip/0055,ENV-04,0.03454252924547942,16,0.17992607359182072,2.5237852414630866,0.009483506944444444,0.17319599112654285,0.03552854938271605,0.02242017723619938,0.9450797438621521,0.9999978542327881,0.7711630463600159,0,1,1,1
testing/notflip/0028_000000024,notflip/0028,24,ENV-03,0,training/notflip/0006_000000006,notflip/0006,ENV-01,0.04994613275856686,16,0.1525842759452152,4.931868323259563,0.011183931327160494,0.1737991026234563,0.015415219907407407,0.007864095270633698,0.23384298384189606,0.9992693066596985,0.14910052716732025,0,0,1,0
testing/notflip/0029_000000001,notflip/0029,1,ENV-03,0,training/notflip/0051_000000018,notflip/0051,ENV-04,0.032030910909146455,16,0.17957168547453659,1.7869767010135977,0.0024850501543209878,0.20072148861882527,0.042081404320987656,0.05343260243535042,0.9616599678993225,0.9999922513961792,0.8140823245048523,0,1,1,1
testing/notflip/0029_000000003,notflip/0029,3,ENV-03,0,training/flip/0064_000000020,flip/0064,ENV-04,0.034244556562011225,16,0.17619204619984552,2.259160690744573,0.0076740933641975305,0.20103427633101661,0.04035927854938272,0.06288042664527893,0.9657236933708191,0.9999938011169434,0.9546428322792053,0,1,1,1
testing/notflip/0029_000000004,notflip/0029,4,ENV-03,0,training/flip/0065_000000009,flip/0065,ENV-04,0.02917833078013838,16,0.17310449402006042,1.983704242329917,0.0026022376543209874,0.20080437297453516,0.038097993827160496,0.06089930981397629,0.9505001902580261,0.9999924898147583,0.8667042851448059,0,1,1,1
testing/notflip/0029_000000005,notflip/0029,5,ENV-03,0,training/flip/0015_000000020,flip/0015,ENV-02,0.04128281216325297,16,0.25388381442901115,4.109890269382968,0.004297839506172839,0.20135064216820803,0.03462962962962963,0.06324354559183121,0.9470061659812927,0.9999932050704956,0.5528600215911865,0,1,1,1
testing/notflip/0029_000000013,notflip/0029,13,ENV-03,0,training/notflip/0008_000000007,notflip/0008,ENV-01,0.04502937397730905,16,0.19094552642746893,4.523982264455883,0.014020061728395062,0.19749859847607865,0.02384741512345679,0.014129918068647385,0.6388877034187317,0.9999297857284546,0.1892668753862381,0,1,1,0
testing/notflip/0029_000000017,notflip/0029,17,ENV-03,0,training/notflip/0006_000000003,notflip/0006,ENV-01,0.051111621006536594,16,0.14765836226851875,5.344451868068307,0.01728395061728395,0.20065579070215886,0.02097608024691358,0.0018043253803625703,0.5621830224990845,0.9999419450759888,0.02635609358549118,0,1,1,0
testing/notflip/0029_000000018,notflip/0029,18,ENV-03,0,training/flip/0016_000000017,flip/0016,ENV-02,0.05360292880911062,16,0.19478055160107904,4.981007169595123,0.0034312307098765434,0.20033350588348617,0.02062307098765432,0.0023147957399487495,0.5944250822067261,0.999941349029541,0.028174202889204025,0,1,1,0
testing/notflip/0029_000000019,notflip/0029,19,ENV-03,0,training/notflip/0015_000000011,notflip/0015,ENV-02,0.0687167596062237,16,0.2062863869598765,6.06325621689958,0.008739390432098766,0.2003551499807083,0.020290316358024692,0.0016192055772989988,0.5130786299705505,0.9999433755874634,0.00184353394433856,0,1,1,0
testing/notflip/0029_000000025,notflip/0029,25,ENV-03,0,training/flip/0011_000000013,flip/0011,ENV-02,0.0389230452990616,16,0.19083829899691418,3.7175508651879774,0.002839506172839506,0.1990168569637332,0.02111304012345679,0.005619455594569445,0.5487315058708191,0.9999531507492065,0.0621715784072876,0,1,1,0
testing/notflip/0030_000000001,notflip/0030,1,ENV-03,0,training/flip/0063_000000012,flip/0063,ENV-04,0.033563596972017995,16,0.1727745146604933,2.5237852414630866,0.007728587962962963,0.19094982812499917,0.03183931327160494,0.018371418118476868,0.9458073973655701,0.9999912977218628,0.7799090147018433,0,1,1,1
testing/notflip/0030_000000004,notflip/0030,4,ENV-03,0,training/flip/0021_000000023,flip/0021,ENV-02,0.03597428330361439,16,0.20946631182484515,3.3546050074166045,0.00216869212962963,0.19228923128857944,0.032309992283950616,0.004954187665134668,0.8900706768035889,0.9999868869781494,0.05746667459607124,0,1,1,0
testing/notflip/0030_000000007,notflip/0030,7,ENV-03,0,training/notflip/0015_000000010,notflip/0015,ENV-02,0.051627295248009374,16,0.18760235985725343,4.166083972823467,0.0015533371913580246,0.19226064245756092,0.024465181327160492,0.005077495239675045,0.9118524193763733,0.9999921321868896,0.03789837285876274,0,1,1,0
testing/notflip/0030_000000018,notflip/0030,18,ENV-03,0,training/flip/0011_000000022,flip/0011,ENV-02,0.05705278375772177,16,0.19411338261959912,5.020878563478131,0.009266975308641975,0.18617623070987582,0.013510320216049383,0.031329501420259476,0.2154597043991089,0.9996527433395386,0.053635794669389725,0,0,1,0
testing/notflip/0030_000000022,notflip/0030,22,ENV-03,0,training/flip/0016_000000023,flip/0016,ENV-02,0.0667000500833754,16,0.14825738985339362,5.797922474525595,0.008811728395061728,0.1854598939043202,0.014772858796296296,0.037527430802583694,0.249963641166687,0.9996707439422607,0.04267037659883499,0,0,1,0
testing/notflip/0030_000000023,notflip/0030,23,ENV-03,0,training/flip/0011_000000022,flip/0011,ENV-02,0.057831165802208644,16,0.19389946749614212,4.981007169595123,0.008900945216049382,0.1855401009837955,0.014796971450617284,0.03824234753847122,0.2542767822742462,0.9996851682662964,0.04571918398141861,0,0,1,0
testing/notflip/0030_000000024,notflip/0030,24,ENV-03,0,training/notflip/0015_000000006,notflip/0015,ENV-02,0.06790763074446489,16,0.20121247067901243,5.020878563478131,0.008642457561728396,0.1857685058834869,0.015249324845679013,0.034426964819431305,0.31715166568756104,0.9997084736824036,0.009447041898965836,0,0,1,0
testing/notflip/0030_000000028,notflip/0030,28,ENV-03,0,training/flip/0022_000000017,flip/0022,ENV-02,0.047121297687031806,16,0.17332720216049355,4.537365806002087,0.008441358024691358,0.18558140190972147,0.015198206018518519,0.017047762870788574,0.21951818466186523,0.9995710253715515,0.036769721657037735,0,0,1,0
testing/notflip/0031_000000004,notflip/0031,4,ENV-03,0,training/notflip/0051_000000009,notflip/0051,ENV-04,0.03426968969547367,16,0.1740968754822529,2.1158312379366317,0.003005401234567901,0.204318838445215,0.029757426697530863,0.025967033579945564,0.9903342127799988,0.9999984502792358,0.7275937795639038,0,1,1,1
testing/notflip/0031_000000008,notflip/0031,8,ENV-03,0,training/flip/0013_000000019,flip/0013,ENV-02,0.033889513783915456,16,0.22032633314043187,4.109890269382968,0.0023659336419753086,0.2038865967399684,0.02496286651234568,0.0015348398592323065,0.9203330874443054,0.9999955892562866,0.005711534060537815,0,1,1,0
testing/notflip/0031_000000010,notflip/0031,10,ENV-03,0,training/flip/0019_000000026,flip/0019,ENV-02,0.04340055810602669,16,0.1359522157600307,4.5373658060020885,0.0022506751543209876,0.20408893180941276,0.025245466820987654,0.002115773968398571,0.8920404314994812,0.9999963045120239,0.0031303151044994593,0,1,1,0
testing/notflip/0031_000000015,notflip/0031,15,ENV-03,0,training/flip/0018_000000016,flip/0018,ENV-02,0.03248423030591391,16,0.23596295244984555,3.3546050074165996,0.0018253279320987654,0.19872286882715973,0.021371045524691358,0.0019305190071463585,0.9021131992340088,0.9999908208847046,0.0035168849863111973,0,1,1,0
testing/notflip/0031_000000016,notflip/0031,16,ENV-03,0,training/notflip/0015_000000001,notflip/0015,ENV-02,0.06036239257988946,16,0.2078330547839499,5.020878563478134,0.009270351080246913,0.19881589756944373,0.02156298225308642,0.002888341899961233,0.9269170165061951,0.9999914169311523,0.0012191811110824347,0,1,1,0
testing/notflip/0031_000000017,notflip/0031,17,ENV-03,0,training/flip/0011_000000018,flip/0011,ENV-02,0.044563034667592566,16,0.18421606780478333,4.53736580600209,0.00918161651234568,0.1987871003086412,0.02127218364197531,0.003205405781045556,0.9216690063476562,0.9999902248382568,0.005295278038829565,0,1,1,0
testing/notflip/0031_000000019,notflip/0031,19,ENV-03,0,training/notflip/0008_000000005,notflip/0008,ENV-01,0.0394789185226022,16,0.22322671576003095,4.139536137687958,0.009398148148148149,0.19872394540894991,0.020788483796296296,0.0030975404661148787,0.9179672002792358,0.9999872446060181,0.010827871970832348,0,1,1,0
testing/notflip/0031_000000020,notflip/0031,20,ENV-03,0,training/flip/0015_000000020,flip/0015,ENV-02,0.05069212603789034,16,0.17309567717978436,4.931868323259564,0.003717206790123457,0.19892384374999933,0.020433063271604938,0.002732825931161642,0.917650580406189,0.9999885559082031,0.006625057198107243,0,1,1,0
testing/notflip/0032_000000003,notflip/0032,3,ENV-03,0,training/flip/0022_000000015,flip/0022,ENV-02,0.034841418389400726,16,0.24458318566743745,3.7175508651879747,0.0031732253086419753,0.19493381684027647,0.025570987654320986,0.005135343410074711,0.7189927697181702,0.9999769926071167,0.03340231627225876,0,1,1,0
testing/notflip/0032_000000007,notflip/0032,7,ENV-03,0,training/flip/0016_000000018,flip/0016,ENV-02,0.04240437251964747,16,0.08828676880787031,4.166083972823462,0.002701099537037037,0.19527616965663455,0.02578125,0.005495822988450527,0.7193520069122314,0.9999860525131226,0.05049073323607445,0,1,1,0
testing/notflip/0032_000000008,notflip/0032,8,ENV-03,0,training/flip/0012_000000020,flip/0012,ENV-02,0.03787223772746368,16,0.20741851957947488,4.109890269382968,0.0032253086419753085,0.19484588802083208,0.025575810185185184,0.007575254887342453,0.7590774297714233,0.9999886751174927,0.06320179998874664,0,1,1,0
testing/notflip/0032_000000010,notflip/0032,10,ENV-03,0,training/flip/0011_000000019,flip/0011,ENV-02,0.03864394073074737,16,0.2325984520640417,4.018393733648171,0.0027469135802469136,0.1950478456790111,0.02532841435185185,0.009074581786990166,0.7859590649604797,0.9999823570251465,0.09037710726261139,0,1,1,0
testing/notflip/0032_000000015,notflip/0032,15,ENV-03,0,training/flip/0022_000000013,flip/0022,ENV-02,0.03496988438742716,16,0.2673451875964494,3.7175508651879747,0.0035069444444444445,0.19351246836419636,0.011819540895061728,0.004091072361916304,0.3486548662185669,0.9999524354934692,0.04322312772274017,0,0,1,0
testing/notflip/0032_000000029,notflip/0032,29,ENV-03,0,training/notflip/0009_000000014,notflip/0009,ENV-01,0.037216699229305504,16,0.22850524160879526,3.785677862194622,0.0033130787037037035,0.18880449064428953,0.010382908950617284,0.006192371249198914,0.08233970403671265,0.9990056157112122,0.03239547088742256,0,0,1,0
testing/notflip/0033_000000002,notflip/0033,2,ENV-03,0,training/flip/0030_000000011,flip/0030,ENV-02,0.02544490478446852,16,0.17286467303240902,2.2591606907445922,0.0005941358024691358,0.1765304515817911,0.019233217592592593,0.0008740591001696885,0.19126369059085846,0.9998893737792969,0.026278534904122353,0,0,1,0
testing/notflip/0033_000000005,notflip/0033,5,ENV-03,0,training/notflip/0015_000000013,notflip/0015,ENV-02,0.059263796620795936,16,0.21288844309413754,5.283323206850215,0.003463541666666667,0.1764470873842599,0.012233796296296296,0.00020341089111752808,0.06811944395303726,0.9996724128723145,0.002756156725808978,0,0,1,0
testing/notflip/0033_000000006,notflip/0033,6,ENV-03,0,training/flip/0016_000000005,flip/0016,ENV-02,0.03205297279845633,16,0.17332218325617377,4.1660839728234595,0.0006872106481481482,0.17591424382716114,0.011471836419753086,0.0002980854478664696,0.05426541343331337,0.9995304346084595,0.12410026788711548,0,0,1,0
testing/notflip/0033_000000008,notflip/0033,8,ENV-03,0,training/flip/0013_000000020,flip/0013,ENV-02,0.04368407103648345,16,0.18609227642746673,4.981007169595118,0.0017544367283950618,0.17450461651234622,0.008726369598765433,0.0011622786987572908,0.07458804547786713,0.9994540810585022,0.03972819820046425,0,0,1,0
testing/notflip/0033_000000015,notflip/0033,15,ENV-03,0,training/flip/0018_000000006,flip/0018,ENV-02,0.03354491218954302,16,0.16319796141975187,3.031628108449798,0.0006548996913580247,0.17459247434413724,0.00689429012345679,0.0015850872732698917,0.21122890710830688,0.9991922974586487,0.0414963997900486,0,0,1,0
testing/notflip/0033_000000019,notflip/0033,19,ENV-03,0,training/flip/0015_000000022,flip/0015,ENV-02,0.05577517899236127,16,0.22016827854938173,5.357843626105901,0.0028428819444444443,0.17558105787037148,0.007533757716049382,0.0010066474787890911,0.3431115746498108,0.9993854761123657,0.031536635011434555,0,0,1,0
testing/notflip/0033_000000025,notflip/0033,25,ENV-03,0,training/flip/0016_000000017,flip/0016,ENV-02,0.04687634475175039,16,0.23731599720293042,4.981007169595122,0.0009495563271604938,0.1755735190007728,0.007536651234567901,0.0037863512989133596,0.6037887930870056,0.9998486042022705,0.1318158507347107,0,1,1,0
testing/notflip/0033_000000027,notflip/0033,27,ENV-03,0,training/flip/0015_000000024,flip/0015,ENV-02,0.05574350807858702,16,0.24808551504629683,5.578708683783676,0.001976755401234568,0.17505415808256286,0.007151331018518519,0.00340619427151978,0.5615704655647278,0.9998071789741516,0.07038768380880356,0,1,1,0
testing/notflip/0034_000000008,notflip/0034,8,ENV-03,0,training/flip/0021_000000024,flip/0021,ENV-02,0.050338337499464,16,0.20945283940972073,5.283323206850215,0.002029320987654321,0.18623040605709826,0.008856095679012346,6.596603634534404e-05,0.018383439630270004,0.9954308271408081,0.0008386264671571553,0,0,1,0
testing/notflip/0034_000000017,notflip/0034,17,ENV-03,0,training/flip/0016_000000019,flip/0016,ENV-02,0.06331564987403351,16,0.13768240557484612,6.709210014833205,0.003763985339506173,0.18480695437885808,0.007981770833333334,0.00030366366263478994,0.023784158751368523,0.995555579662323,0.0009279975201934576,0,0,1,0
testing/notflip/0034_000000025,notflip/0034,25,ENV-03,0,training/notflip/0015_000000007,notflip/0015,ENV-02,0.0688625634423301,16,0.201618929880402,6.277028755231863,0.00423707561728395,0.18149361226851884,0.006995563271604938,0.0014724228531122208,0.120393767952919,0.9994137287139893,0.0012848642654716969,0,0,1,0
testing/notflip/0034_000000030,notflip/0034,30,ENV-03,0,training/flip/0016_000000018,flip/0016,ENV-02,0.056435811977927894,16,0.14823235233410437,6.063256216899582,0.0022198109567901233,0.17987474295910544,0.0057368827160493826,0.0035298364236950874,0.22358831763267517,0.9997686743736267,0.011685457080602646,0,0,1,0
testing/notflip/0035_000000009,notflip/0035,9,ENV-03,0,training/flip/0019_000000026,flip/0019,ENV-02,0.04016481633435744,16,0.1389834617091048,4.1660839728234595,0.002358699845679012,0.1948574973958321,0.01636574074074074,0.0022798683494329453,0.789313018321991,0.9999760389328003,0.035365406423807144,0,1,1,0
testing/notflip/0035_000000011,notflip/0035,11,ENV-03,0,training/notflip/0015_000000010,notflip/0015,ENV-02,0.06078502248173395,16,0.20242128414351762,5.099721437514832,0.00490210262345679,0.19484275298996856,0.012219810956790124,0.002874507801607251,0.38324859738349915,0.9999258518218994,0.006773063447326422,0,0,1,0
testing/notflip/0035_000000015,notflip/0035,15,ENV-03,0,training/flip/0010_000000023,flip/0010,ENV-01,0.03727894945371098,16,0.2275720058834889,4.523982264455883,0.012689525462962963,0.19105547096836414,0.009705825617283951,0.0036984486505389214,0.14895059168338776,0.9993613362312317,0.06121036410331726,0,0,1,0
testing/notflip/0035_000000016,notflip/0035,16,ENV-03,0,training/flip/0015_000000017,flip/0015,ENV-02,0.04905320943587053,16,0.1998627954282409,5.047570482926168,0.00300733024691358,0.19070340277777773,0.009304591049382716,0.005935571622103453,0.12122571468353271,0.9993346333503723,0.11840803921222687,0,0,1,0
testing/notflip/0035_000000026,notflip/0035,26,ENV-03,0,training/notflip/0015_000000022,notflip/0015,ENV-02,0.06466005721587273,16,0.18414334162808654,5.778768924566751,0.002734375,0.18879414708719144,0.007199556327160494,0.001448379480279982,0.04098573699593544,0.9982118606567383,0.002904585562646389,0,0,1,0
testing/notflip/0036_000000001,notflip/0036,1,ENV-03,0,training/notflip/0051_000000014,notflip/0051,ENV-04,0.03147639854866098,16,0.1676914707754644,2.259160690744583,0.00330102237654321,0.19526605729166707,0.028736014660493827,0.014480547979474068,0.9854176044464111,0.9999978542327881,0.4549151360988617,0,1,1,0
testing/notflip/0036_000000004,notflip/0036,4,ENV-03,0,training/notflip/0005_000000004,notflip/0005,ENV-01,0.032384947953183585,16,0.14779233680555576,3.4717730127946522,0.012996238425925927,0.19613091309799463,0.027059702932098764,0.009597787633538246,0.9537423253059387,0.9999951124191284,0.31039148569107056,0,1,1,0
testing/notflip/0036_000000005,notflip/0036,5,ENV-03,0,training/notflip/0015_000000019,notflip/0015,ENV-02,0.04793035853641043,16,0.18532109201388738,3.8247910781361245,0.0018229166666666667,0.19583638869598863,0.025736400462962963,0.004772299900650978,0.9558295607566833,0.9999957084655762,0.11939412355422974,0,1,1,0
testing/notflip/0036_000000014,notflip/0036,14,ENV-03,0,training/flip/0013_000000021,flip/0013,ENV-02,0.04317318141147685,16,0.2132758681520061,4.931868323259564,0.002230420524691358,0.19580398398919835,0.019349440586419752,0.0018336235079914331,0.9545392990112305,0.9999921321868896,0.15099556744098663,0,1,1,0
testing/notflip/0036_000000020,notflip/0036,20,ENV-03,0,training/notflip/0015_000000022,notflip/0015,ENV-02,0.04964119948628096,16,0.1536817131558637,4.3047569457482275,0.0009066358024691358,0.1968336036844141,0.019147376543209877,0.0031107128597795963,0.9854721426963806,0.9999935626983643,0.14962691068649292,0,1,1,0
testing/notflip/0036_000000025,notflip/0036,25,ENV-03,0,training/notflip/0006_000000018,notflip/0006,ENV-01,0.03201798590738644,16,0.1944853252314824,3.4717730127946522,0.0035479359567901236,0.19659503308256243,0.018911554783950617,0.003549541113898158,0.9890406727790833,0.9999959468841553,0.5571243762969971,0,1,1,1
testing/notflip/0036_000000028,notflip/0036,28,ENV-03,0,training/flip/0017_000000016,flip/0017,ENV-02,0.041506968319565206,16,0.15972867505787117,3.522215471233474,0.0013720100308641976,0.19659124016203766,0.018810763888888887,0.0047959089279174805,0.9892527461051941,0.9999953508377075,0.32563865184783936,0,1,1,0
testing/notflip/0036_000000030,notflip/0036,30,ENV-03,0,training/flip/0030_000000013,flip/0030,ENV-02,0.03262644219403533,16,0.13566851822916626,3.354605007416599,0.0016179591049382716,0.1967019576581797,0.018765432098765432,0.005545389372855425,0.9868136644363403,0.999992847442627,0.19700567424297333,0,1,1,0
testing/notflip/0037_000000002,notflip/0037,2,ENV-03,0,training/notflip/0015_000000017,notflip/0015,ENV-02,0.04302463265736208,16,0.1216040177469139,3.3546050074166085,0.0019227430555555556,0.204708144772375,0.020616319444444444,0.0009756195358932018,0.9459099769592285,0.999995231628418,0.029096569865942,0,1,1,0
testing/notflip/0037_000000004,notflip/0037,4,ENV-03,0,training/flip/0031_000000017,flip/0031,ENV-02,0.029290982210674124,16,0.21262877044752954,2.4458914597570267,0.005079571759259259,0.2025263625578687,0.013075810185185185,0.0010310560464859009,0.943210780620575,0.9999927282333374,0.0452459417283535,0,1,1,0
testing/notflip/0037_000000007,notflip/0037,7,ENV-03,0,training/notflip/0015_000000016,notflip/0015,ENV-02,0.054618116414890255,16,0.17948829542824007,4.628021222611884,0.0018079668209876544,0.20101069926697568,0.012192804783950618,0.00129124044906348,0.8456319570541382,0.9999353885650635,0.015487381257116795,0,1,1,0
testing/notflip/0037_000000008,notflip/0037,8,ENV-03,0,training/flip/0052_000000013,flip/0052,ENV-04,0.025911088939103176,16,0.23328222231867204,2.762673909771976,0.003693094135802469,0.19927895003858048,0.011769386574074074,0.0009637034963816404,0.7935039401054382,0.9998805522918701,0.16058771312236786,0,1,1,0
testing/notflip/0037_000000010,notflip/0037,10,ENV-03,0,training/flip/0016_000000021,flip/0016,ENV-02,0.05881242491145984,16,0.19297666898147942,5.797922474525596,0.0019087577160493826,0.19736155642361114,0.01122878086419753,0.000994976842775941,0.7263360619544983,0.9997811913490295,0.03430233150720596,0,1,1,0
testing/notflip/0037_000000014,notflip/0037,14,ENV-03,0,training/notflip/0006_000000007,notflip/0006,ENV-01,0.045533127645140316,16,0.1604303996913567,4.931868323259563,0.006324749228395062,0.19699680979938197,0.011931423611111111,0.0008354802266694605,0.5253008604049683,0.9996365308761597,0.033274631947278976,0,1,1,0
testing/notflip/0037_000000015,notflip/0037,15,ENV-03,0,training/flip/0030_000000013,flip/0030,ENV-02,0.03821944111034423,16,0.15793914891975439,3.8247910781361147,0.0009997106481481482,0.19645964863040039,0.012427179783950618,0.0011673349654302,0.4715898334980011,0.9996359348297119,0.012494523078203201,0,0,1,0
testing/notflip/0037_000000018,notflip/0037,18,ENV-03,0,training/notflip/0015_000000024,notflip/0015,ENV-02,0.04945904956114923,16,0.17251019531249986,4.3047569457482275,0.000974633487654321,0.19519090190972152,0.012721354166666667,0.0012251612497493625,0.4684523344039917,0.9995208978652954,0.03771122545003891,0,0,1,0
testing/notflip/0037_000000019,notflip/0037,19,ENV-03,0,training/flip/0016_000000014,flip/0016,ENV-02,0.04833479666798855,16,0.23368678288966185,5.3578436261059,0.0015475501543209876,0.19466906693672786,0.012191840277777777,0.0014592597726732492,0.3823326528072357,0.9995256662368774,0.09997371584177017,0,0,1,0
testing/notflip/0037_000000025,notflip/0037,25,ENV-03,0,training/flip/0015_000000014,flip/0015,ENV-02,0.0437405929373018,16,0.170685159722222,4.931868323259562,0.0017727623456790123,0.19298558420138956,0.01162085262345679,0.0050669386982917786,0.29908832907676697,0.9995357990264893,0.36776989698410034,0,0,1,0
testing/notflip/0037_000000028,notflip/0037,28,ENV-03,0,training/flip/0015_000000018,flip/0015,ENV-02,0.0527083172042538,16,0.23036479108796437,5.344451868068309,0.002507716049382716,0.19296385349151357,0.011745756172839506,0.008917395956814289,0.32026830315589905,0.9994733929634094,0.27544736862182617,0,0,1,0
testing/notflip/0038_000000005,notflip/0038,5,ENV-03,0,training/notflip/0049_000000015,notflip/0049,ENV-04,0.03462551075817624,16,0.18010519405864098,2.1339905128926318,0.0021633873456790124,0.20531450279706606,0.04107301311728395,0.016069455072283745,0.9059155583381653,0.9999793767929077,0.3291577696800232,0,1,1,0
testing/notflip/0038_000000008,notflip/0038,8,ENV-03,0,training/flip/0064_000000019,flip/0064,ENV-04,0.037763677484041275,16,0.18794146739969167,2.7626739097719764,0.007745949074074074,0.20574141213348568,0.035554108796296294,0.0038029763381928205,0.9091886281967163,0.9999653100967407,0.4571639895439148,0,1,1,0
testing/notflip/0038_000000009,notflip/0038,9,ENV-03,0,training/flip/0011_000000020,flip/0011,ENV-02,0.03822515362132705,16,0.2653479379822537,4.109890269382968,0.0027826003086419753,0.20619949768518325,0.03440586419753086,0.00417704414576292,0.91453617811203,0.9999829530715942,0.0674687922000885,0,1,1,0
testing/notflip/0038_000000010,notflip/0038,10,ENV-03,0,training/flip/0017_000000018,flip/0017,ENV-02,0.03900290322151959,16,0.1748107667824084,3.3546050074165996,0.001084104938271605,0.20635651938657212,0.0340306712962963,0.004133979789912701,0.8696495890617371,0.9999809265136719,0.039419032633304596,0,1,1,0
testing/notflip/0038_000000011,notflip/0038,11,ENV-03,0,training/notflip/0006_000000014,notflip/0006,ENV-01,0.03426144750875136,16,0.09868868412422924,3.785677862194627,0.008179012345679013,0.20759994579475113,0.033034336419753084,0.0015487256459891796,0.7998664379119873,0.999958872795105,0.043972570449113846,0,1,1,0
testing/notflip/0038_000000020,notflip/0038,20,ENV-03,0,training/flip/0030_000000011,flip/0030,ENV-02,0.03630678861489806,16,0.1626466057098759,3.354605007416605,0.001099537037037037,0.2051797603202142,0.018993055555555555,0.001599502400495112,0.744179904460907,0.9999030828475952,0.016407618299126625,0,1,1,0
testing/notflip/0038_000000022,notflip/0038,22,ENV-03,0,training/flip/0016_000000005,flip/0016,ENV-02,0.036736032430627,16,0.16732194164737713,3.717550865187976,0.0016242283950617285,0.20398981471836236,0.01808497299382716,0.0010920771164819598,0.6825334429740906,0.9998241066932678,0.19029873609542847,0,1,1,0
testing/notflip/0038_000000023,notflip/0038,23,ENV-03,0,training/flip/0023_000000022,flip/0023,ENV-02,0.030455551487250605,16,0.2537473926504626,3.3282093938138804,0.001704764660493827,0.20420334104938087,0.018208912037037037,0.001258324715308845,0.6901463270187378,0.9998605251312256,0.0032950816676020622,0,1,1,0
testing/notflip/0039_000000003,notflip/0039,3,ENV-03,0,training/flip/0022_000000014,flip/0022,ENV-02,0.04360292982453698,16,0.09422116531635662,5.3578436261058995,0.027064525462962962,0.20496379668209747,0.03080246913580247,0.007535763084888458,0.9991843104362488,0.9999997615814209,0.005913086701184511,0,1,1,0
testing/notflip/0039_000000022,notflip/0039,22,ENV-03,0,training/flip/0011_000000020,flip/0011,ENV-02,0.06748683476900394,16,0.21444821942515374,7.519548718357196,0.035415219907407404,0.19823945293209763,0.012142168209876543,0.007564135827124119,0.9798101186752319,0.9999873638153076,0.0012546638026833534,0,1,1,0
testing/notflip/0039_000000026,notflip/0039,26,ENV-03,0,training/notflip/0008_000000002,notflip/0008,ENV-01,0.05721282127599997,16,0.14639177922453694,6.178720258131109,0.036886091820987656,0.19575749054783834,0.014168595679012345,0.031322065740823746,0.9886187314987183,0.9999898672103882,0.004816760309040546,0,1,1,0
testing/notflip/0040_000000004,notflip/0040,4,ENV-03,0,training/flip/0054_000000009,flip/0054,ENV-04,0.037992444212327295,16,0.19831651167052364,3.3282093938138773,0.010754726080246914,0.1720551467013889,0.031036361882716048,0.008192096836864948,0.7275673747062683,0.9999384880065918,0.7862547039985657,0,1,1,1
testing/notflip/0040_000000005,notflip/0040,5,ENV-03,0,training/flip/0016_000000019,flip/0016,ENV-02,0.04622520531943149,16,0.14084222463348833,4.537365806002091,0.002293113425925926,0.1703793366126543,0.02839940200617284,0.010883210226893425,0.6032606363296509,0.999936580657959,0.0851035937666893,0,1,1,0
testing/notflip/0040_000000006,notflip/0040,6,ENV-03,0,training/flip/0016_000000021,flip/0016,ENV-02,0.04891521986853478,16,0.13948847704475364,4.981007169595116,0.002361593364197531,0.1710621018518519,0.028189139660493828,0.004737538285553455,0.5116714239120483,0.9998732805252075,0.038100142031908035,0,1,1,0
testing/notflip/0040_000000007,notflip/0040,7,ENV-03,0,training/notflip/0015_000000009,notflip/0015,ENV-02,0.056169960463635114,16,0.19116878838734522,4.304756945748234,0.0019618055555555556,0.16977810435956792,0.028387827932098767,0.00722905620932579,0.6199068427085876,0.9999099969863892,0.006844565272331238,0,1,1,0
testing/notflip/0040_000000011,notflip/0040,11,ENV-03,0,training/notflip/0008_000000004,notflip/0008,ENV-01,0.03583842597119061,16,0.1902976549961418,3.3546050074166045,0.0019526427469135803,0.16954410976080256,0.022484567901234567,0.0030893206130713224,0.3928699195384979,0.9997016787528992,0.04795518517494202,0,0,1,0
testing/notflip/0040_000000012,notflip/0040,12,ENV-03,0,training/notflip/0051_000000004,notflip/0051,ENV-04,0.019803714064301346,16,0.16471027912808647,1.7869767010135742,0.0014973958333333334,0.16938238107638903,0.021276523919753085,0.002871639095246792,0.46866753697395325,0.9997782111167908,0.1255839616060257,0,0,1,0
testing/notflip/0040_000000014,notflip/0040,14,ENV-03,0,training/flip/0030_000000002,flip/0030,ENV-02,0.02992715019270862,16,0.20450564515817915,2.762673909771976,0.0008974729938271605,0.16942778867669758,0.021221547067901234,0.0018229341367259622,0.4276098906993866,0.9998040795326233,0.007087486796081066,0,0,1,0
testing/notflip/0040_000000016,notflip/0040,16,ENV-03,0,training/flip/0015_000000020,flip/0015,ENV-02,0.045762600843843426,16,0.20428443624614226,4.5373658060020885,0.0016179591049382716,0.17007251244212968,0.021302565586419752,0.0026296484284102917,0.5106361508369446,0.9999135732650757,0.0362575426697731,0,1,1,0
testing/notflip/0040_000000017,notflip/0040,17,ENV-03,0,training/notflip/0008_000000006,notflip/0008,ENV-01,0.03344094953396047,16,0.17405095871913545,3.3282093938138773,0.0014660493827160495,0.16972767737268527,0.021484375,0.0021819397807121277,0.6713459491729736,0.9999537467956543,0.046319056302309036,0,1,1,0
testing/notflip/0040_000000018,notflip/0040,18,ENV-03,0,training/flip/0015_000000015,flip/0015,ENV-02,0.033175053791974336,16,0.20794733670910426,3.3546050074166036,0.0011665702160493826,0.16963032783564821,0.02230516975308642,0.0022959208581596613,0.6988871097564697,0.9999557733535767,0.08977726101875305,0,1,1,0
testing/notflip/0041_000000001,notflip/0041,1,ENV-04,0,training/notflip/0008_000000004,notflip/0008,ENV-01,0.04713550549652057,16,0.20036598524305557,3.2691253833153864,0.05074315200617284,0.16352839708719122,0.014015721450617283,0.013503927737474442,0.9997803568840027,0.9844260215759277,0.005977986380457878,0,1,1,0
testing/notflip/0041_000000003,notflip/0041,3,ENV-04,0,training/flip/0013_000000020,flip/0013,ENV-02,0.05389316093278807,16,0.19858045466820973,4.286673378852125,0.05057098765432099,0.16350707002314804,0.014035011574074075,0.013484536670148373,0.9997803568840027,0.9842459559440613,0.003759311744943261,0,1,1,0
testing/notflip/0041_000000006,notflip/0041,6,ENV-04,0,training/flip/0017_000000018,flip/0017,ENV-02,0.06088625827182319,16,0.1707128358410496,4.408415864019578,0.02051215277777778,0.1621148686342592,0.014408757716049382,0.021024063229560852,0.9998173117637634,0.9892628788948059,0.001999594969674945,0,1,1,0
testing/notflip/0041_000000011,notflip/0041,11,ENV-04,0,training/flip/0016_000000018,flip/0016,ENV-02,0.06083191119382911,16,0.1640899027777785,5.525347819543962,0.051479552469135804,0.16169435937499993,0.015555073302469136,0.016719771549105644,0.9999220371246338,0.9933156371116638,0.004532394930720329,0,1,1,0
testing/notflip/0041_000000014,notflip/0041,14,ENV-04,0,training/notflip/0015_000000019,notflip/0015,ENV-02,0.06496732136201454,16,0.20854611140046303,4.910468472241549,0.01802662037037037,0.15969455979938263,0.019775270061728394,0.008282957598567009,0.9997472167015076,0.9902382493019104,0.002504080068320036,0,1,1,0
testing/notflip/0041_000000015,notflip/0041,15,ENV-04,0,training/flip/0016_000000019,flip/0016,ENV-02,0.06010705649563375,16,0.16568588512731536,4.996057118062496,0.04968605324074074,0.15937489332561716,0.022219810956790122,0.01246938481926918,0.9997468590736389,0.9933856129646301,0.01135715190321207,0,1,1,0
testing/notflip/0041_000000021,notflip/0041,21,ENV-04,0,training/notflip/0015_000000022,notflip/0015,ENV-02,0.05047590233456353,16,0.17389704475308584,3.9674084846598334,0.010590277777777778,0.15964449170524683,0.026135706018518518,0.003576419083401561,0.9997122883796692,0.9965143799781799,0.003476843936368823,0,1,1,0
testing/notflip/0041_000000022,notflip/0041,22,ENV-04,0,training/notflip/0015_000000007,notflip/0015,ENV-02,0.06185611036163073,16,0.19478111313657462,4.616629524490723,0.01341869212962963,0.16098233063271614,0.02611448688271605,0.002759824972599745,0.9997150301933289,0.9961085915565491,0.002165151061490178,0,1,1,0
testing/notflip/0041_000000028,notflip/0041,28,ENV-04,0,training/notflip/0009_000000006,notflip/0009,ENV-01,0.03181967374190038,16,0.18694409172453733,2.549860718757422,0.045107060185185184,0.16258713184799406,0.025591724537037036,0.0028437816072255373,0.9995235204696655,0.9969062209129333,0.0020992124918848276,0,1,1,0
testing/notflip/0041_000000034,notflip/0041,34,ENV-04,0,training/notflip/0015_000000008,notflip/0015,ENV-02,0.06560149844457192,16,0.18913873099922843,4.910468472241549,0.05451726466049383,0.16451252035108066,0.02574604552469136,0.007604527287185192,0.9998373985290527,0.9987503290176392,0.0015995176509022713,0,1,1,0
testing/notflip/0041_000000036,notflip/0041,36,ENV-04,0,training/flip/0022_000000013,flip/0022,ENV-02,0.03797371318081062,16,0.1998186454475318,3.2691253833153704,0.014489776234567901,0.1638650912422845,0.025361207561728397,0.004127488937228918,0.9997572302818298,0.9985936284065247,0.0010969365248456597,0,1,1,0
testing/notflip/0042_000000001,notflip/0042,1,ENV-04,0,training/flip/0013_000000020,flip/0013,ENV-02,0.03154267330830823,16,0.1667753407600307,2.564794180272623,0.005505401234567902,0.15401162798996945,0.025026041666666665,0.001496391836553812,0.985289990901947,0.9998692274093628,0.0013096679467707872,0,1,1,0
testing/notflip/0042_000000006,notflip/0042,6,ENV-04,0,training/notflip/0015_000000016,notflip/0015,ENV-02,0.06153380432615574,16,0.17770281240354888,4.616629524490724,0.07031153549382715,0.1557599614197527,0.021647858796296295,0.0002812432940118015,0.7739586234092712,0.9937759637832642,0.00039484919398091733,0,1,1,0
testing/notflip/0042_000000007,notflip/0042,7,ENV-04,0,training/flip/0016_000000012,flip/0016,ENV-02,0.040019682762326966,16,0.15620248852237584,3.522215471233474,0.010593171296296297,0.15838111429398147,0.021484375,0.00027062182198278606,0.7510973811149597,0.9849816560745239,0.0007346141501329839,0,1,1,0
testing/notflip/0042_000000013,notflip/0042,13,ENV-04,0,training/flip/0016_000000024,flip/0016,ENV-02,0.07280705225029689,16,0.20308398736496924,6.277028755231864,0.038343942901234565,0.1581203478973767,0.01930217978395062,0.0004097500641364604,0.9241061806678772,0.9670186042785645,0.0006852937513031065,0,1,1,0
testing/notflip/0042_000000021,notflip/0042,21,ENV-04,0,training/notflip/0015_000000020,notflip/0015,ENV-02,0.06915233930090432,16,0.144312918306327,5.307444835509221,0.03729890046296296,0.1606874391396609,0.020103684413580247,0.001177750644274056,0.9886935353279114,0.9755620360374451,0.0001610620820429176,0,1,1,0
testing/notflip/0042_000000024,notflip/0042,24,ENV-04,0,training/notflip/0009_000000006,notflip/0009,ENV-01,0.044232610554543195,16,0.21269168123071017,4.1660839728234595,0.06825665509259259,0.16247884635416698,0.01986545138888889,0.004872424993664026,0.9979920387268066,0.9906904697418213,0.001307631959207356,0,1,1,0
testing/notflip/0042_000000027,notflip/0042,27,ENV-04,0,training/flip/0017_000000018,flip/0017,ENV-02,0.06097123595455978,16,0.19097111400463002,5.1295883605452595,0.032928240740740744,0.16531711979166688,0.021121720679012346,0.04575192928314209,0.9988756775856018,0.9931206107139587,0.0020292471162974834,0,1,1,0
testing/notflip/0042_000000030,notflip/0042,30,ENV-04,0,training/notflip/0015_000000006,notflip/0015,ENV-02,0.07979243756665585,16,0.19342829976851877,6.66846486870884,0.10878038194444445,0.16047508024691387,0.021832561728395063,0.4993220269680023,0.999589741230011,0.9950810670852661,0.020850233733654022,0,1,1,0
testing/notflip/0043_000000023,notflip/0043,23,ENV-04,0,training/notflip/0015_000000017,notflip/0015,ENV-02,0.0667825159218908,16,0.18815697386188243,4.796784642026368,0.07682243441358025,0.15190913300540126,0.029308449074074074,0.000261019536992535,0.7707189321517944,0.9972043633460999,0.000151390879182145,0,1,1,0
testing/notflip/0043_000000024,notflip/0043,24,ENV-04,0,training/notflip/0005_000000002,notflip/0005,ENV-01,0.04667048034555215,16,0.1990969293981482,3.824791078136115,0.09400945216049383,0.15082398476080258,0.02910108024691358,0.00018406182061880827,0.6914198398590088,0.9963328838348389,0.00014141728752292693,0,1,1,0
testing/notflip/0043_000000026,notflip/0043,26,ENV-04,0,training/flip/0011_000000024,flip/0011,ENV-02,0.05857953158138404,16,0.2016960068479942,4.79678464202638,0.039423707561728395,0.15036567264660514,0.028523341049382717,0.00013957059127278626,0.6896123886108398,0.9926363229751587,0.00016185431741178036,0,1,1,0
testing/notflip/0044_000000006,notflip/0044,6,ENV-04,0,training/notflip/0015_000000012,notflip/0015,ENV-02,0.06315373332073974,16,0.16128570814043183,4.616629524490739,0.037270929783950614,0.1437788690200623,0.030275366512345678,0.0005555498064495623,0.8308728933334351,0.9991375207901001,0.002071920782327652,0,1,1,0
testing/notflip/0044_000000014,notflip/0044,14,ENV-04,0,training/flip/0011_000000016,flip/0011,ENV-02,0.0514480356476072,16,0.1882381843171299,4.628021222611884,0.07273003472222223,0.14636256809413592,0.027498553240740742,0.0004486661637201905,0.5893481969833374,0.9793463945388794,0.0011152825318276882,0,1,1,0
testing/notflip/0044_000000027,notflip/0044,27,ENV-04,0,training/flip/0022_000000017,flip/0022,ENV-02,0.055595207301370436,16,0.18623397617669765,5.283323206850215,0.07169801311728395,0.1528820729166667,0.028106674382716048,0.004193393513560295,0.9217275977134705,0.9922279715538025,0.011875834316015244,0,1,1,0
testing/notflip/0045_000000005,notflip/0045,5,ENV-04,0,training/flip/0019_000000026,flip/0019,ENV-02,0.0403084463965768,16,0.15551549797453643,3.2691253833153757,0.011200810185185185,0.14164684635416638,0.03556616512345679,0.009731333702802658,0.9890807867050171,0.9999715089797974,0.010189010761678219,0,1,1,0
testing/notflip/0045_000000012,notflip/0045,12,ENV-04,0,training/flip/0011_000000021,flip/0011,ENV-02,0.058693241247653787,16,0.19142764149305522,5.020878563478131,0.09871672453703703,0.14389016994598713,0.026427951388888888,0.00029242702294141054,0.35971981287002563,0.9795534610748291,0.0023692764807492495,0,0,1,0
testing/notflip/0045_000000013,notflip/0045,13,ENV-04,0,training/notflip/0015_000000019,notflip/0015,ENV-02,0.06800004077157756,16,0.16640490885416667,5.30744483550921,0.08499710648148148,0.14513352517361056,0.025892168209876543,0.0001984822447411716,0.2494732290506363,0.947172224521637,0.0007985529955476522,0,0,1,0
testing/notflip/0045_000000016,notflip/0045,16,ENV-04,0,training/flip/0021_000000022,flip/0021,ENV-02,0.05964370285665965,16,0.20269797955246882,5.099721437514827,0.08345100308641976,0.14646571373456743,0.025917245370370372,0.0005660493625327945,0.5464904308319092,0.9138622283935547,0.0012638109037652612,0,1,1,0
testing/notflip/0045_000000018,notflip/0045,18,ENV-04,0,training/flip/0030_000000017,flip/0030,ENV-02,0.049016457216941256,16,0.1812122623456786,4.018393733648167,0.08018663194444445,0.14701882137345643,0.02503858024691358,0.0008312735008075833,0.6180686354637146,0.9290297031402588,0.0004412815032992512,0,1,1,0
testing/notflip/0045_000000022,notflip/0045,22,ENV-04,0,training/notflip/0015_000000023,notflip/0015,ENV-02,0.06480060724593857,16,0.16341535030864202,5.30744483550921,0.08273726851851852,0.15054244955632703,0.024624807098765432,0.000824601564090699,0.5811827182769775,0.8988185524940491,0.0007702374132350087,0,1,1,0
testing/notflip/0045_000000026,notflip/0045,26,ENV-04,0,training/flip/0015_000000020,flip/0015,ENV-02,0.06361881828958266,16,0.18931170418595675,5.4368584609691535,0.08445216049382716,0.1585499365354941,0.023773148148148147,0.00653333542868495,0.9417195320129395,0.9806220531463623,0.028792545199394226,0,1,1,0
testing/notflip/0045_000000028,notflip/0045,28,ENV-04,0,training/notflip/0015_000000006,notflip/0015,ENV-02,0.07832918216065192,16,0.1802600002893514,6.668464868708839,0.10205680941358025,0.1599767354359571,0.023129822530864198,0.04190083593130112,0.9850147366523743,0.9913190007209778,0.018668808043003082,0,1,1,0
testing/notflip/0045_000000030,notflip/0045,30,ENV-04,0,training/notflip/0006_000000004,notflip/0006,ENV-01,0.05559800141500885,16,0.18504096672453724,4.981007169595122,0.1046262538580247,0.16004890210262365,0.023912037037037037,0.020100587978959084,0.972553551197052,0.9810725450515747,0.0935586467385292,0,1,1,0
testing/notflip/0046_000000003,notflip/0046,3,ENV-04,0,training/flip/0016_000000024,flip/0016,ENV-02,0.06809234013372661,16,0.18223153125000016,6.063256216899574,0.046401909722222225,0.15737870466820977,0.030893132716049383,0.0009628531406633556,0.4739243984222412,0.9956003427505493,0.008619442582130432,0,0,1,0
testing/notflip/0046_000000011,notflip/0046,11,ENV-04,0,training/notflip/0005_000000004,notflip/0005,ENV-01,0.049326554185002265,16,0.20990753115354954,3.824791078136115,0.09878954475308642,0.1549572871334875,0.028415316358024693,0.004418842028826475,0.8921558856964111,0.9976791739463806,0.01883893646299839,0,1,1,0
testing/notflip/0046_000000012,notflip/0046,12,ENV-04,0,training/notflip/0015_000000008,notflip/0015,ENV-02,0.07457465279145221,16,0.17801065297067917,5.525347819543962,0.10173177083333333,0.1546927717978394,0.02814236111111111,0.005263283383101225,0.8838939666748047,0.9970865845680237,0.006947064306586981,0,1,1,0
testing/notflip/0046_000000027,notflip/0046,27,ENV-04,0,training/flip/0011_000000024,flip/0011,ENV-02,0.06361165889705375,16,0.19359403751928989,5.283323206850215,0.07378279320987655,0.15502036014660495,0.02795235339506173,0.006136780604720116,0.9109247922897339,0.9949677586555481,0.01336665078997612,0,1,1,0
testing/notflip/0046_000000028,notflip/0046,28,ENV-04,0,training/flip/0021_000000024,flip/0021,ENV-02,0.06202586877119837,16,0.20744566242283932,5.525347819543956,0.07315489969135802,0.1547724231288581,0.027803337191358024,0.007208443246781826,0.9129464030265808,0.9955607652664185,0.014724856242537498,0,1,1,0
testing/notflip/0047_000000006,notflip/0047,6,ENV-04,0,training/flip/0016_000000022,flip/0016,ENV-02,0.05462170511113364,16,0.1929336643518515,4.304756945748228,0.05622636959876543,0.14394533314043223,0.03655189043209876,0.02226879820227623,0.9989610910415649,0.9999915361404419,0.012643632479012012,0,1,1,0
testing/notflip/0047_000000009,notflip/0047,9,ENV-04,0,training/flip/0021_000000023,flip/0021,ENV-02,0.04971705149108777,16,0.16312406558641923,3.9760359018669633,0.058490065586419754,0.14809138522376536,0.029341724537037036,0.0018687263363972306,0.9851662516593933,0.9998006224632263,0.0011374885216355324,0,1,1,0
testing/notflip/0047_000000024,notflip/0047,24,ENV-04,0,training/flip/0021_000000024,flip/0021,ENV-02,0.06611515818651735,16,0.20751725569058624,5.578708683783684,0.08123649691358024,0.15927311998456814,0.026149209104938273,0.001206687418743968,0.9525824785232544,0.9843398332595825,0.0008829553844407201,0,1,1,0
testing/notflip/0047_000000025,notflip/0047,25,ENV-04,0,training/flip/0016_000000023,flip/0016,ENV-02,0.07894662725146122,16,0.16961740798611158,6.85302441536657,0.09050009645061728,0.1594990171682101,0.02605758101851852,0.0010417064186185598,0.9509194493293762,0.9853609204292297,0.0018864116864278913,0,1,1,0
testing/notflip/0047_000000029,notflip/0047,29,ENV-04,0,training/flip/0013_000000018,flip/0013,ENV-02,0.05614005795944327,16,0.17172210358796317,5.0208785634781306,0.04470871913580247,0.1589313637152781,0.026457851080246914,0.0018768543377518654,0.9655062556266785,0.9896036386489868,0.002134946873411536,0,1,1,0
testing/notflip/0048_000000015,notflip/0048,15,ENV-04,0,training/flip/0013_000000017,flip/0013,ENV-02,0.051912045254012835,16,0.1613737961033949,4.616629524490723,0.03404128086419753,0.15179652092978418,0.027549189814814815,0.0008500499534420669,0.7312153577804565,0.9856786131858826,0.0019287924515083432,0,1,1,0
testing/notflip/0048_000000025,notflip/0048,25,ENV-04,0,training/flip/0019_000000013,flip/0019,ENV-02,0.03759047369131576,16,0.17101812133487637,2.762673909771976,0.010257040895061728,0.15186842370756176,0.02699652777777778,0.0030856234952807426,0.9096488356590271,0.9937117099761963,0.0031445918139070272,0,1,1,0
testing/notflip/0048_000000026,notflip/0048,26,ENV-04,0,training/flip/0022_000000015,flip/0022,ENV-02,0.05556558029172684,16,0.18325524942129695,4.79678464202638,0.06997733410493827,0.15214998032407415,0.02599151234567901,0.001997050130739808,0.8887810707092285,0.9920509457588196,0.0046896194107830524,0,1,1,0
testing/notflip/0048_000000030,notflip/0048,30,ENV-04,0,training/flip/0020_000000013,flip/0020,ENV-02,0.045538783892657385,16,0.16303236583719155,4.1660839728234595,0.014779610339506173,0.15291384837962954,0.025709394290123457,0.0026273871771991253,0.8268343210220337,0.9802709817886353,0.006853180006146431,0,1,1,0
testing/notflip/0049_000000006,notflip/0049,6,ENV-04,0,training/flip/0011_000000024,flip/0011,ENV-02,0.065753755087963,16,0.19094953057484512,5.2833232068502065,0.07835262345679013,0.15004301147762314,0.02177228009259259,0.00100491545163095,0.8785958290100098,0.9841039180755615,0.0032727911602705717,0,1,1,0
testing/notflip/0049_000000011,notflip/0049,11,ENV-04,0,training/flip/0013_000000023,flip/0013,ENV-02,0.060188688934349324,16,0.19054811844135797,5.357843626105901,0.07556423611111111,0.15073395302854894,0.021086516203703703,0.003355909837409854,0.9632338285446167,0.9854954481124878,0.006985390558838844,0,1,1,0
testing/notflip/0049_000000012,notflip/0049,12,ENV-04,0,training/notflip/0015_000000019,notflip/0015,ENV-02,0.07633007402586434,16,0.1734858893711423,6.031249376344584,0.08505256558641976,0.15142773958333294,0.021221547067901234,0.004484776873141527,0.9744699001312256,0.9917446970939636,0.0024795744102448225,0,1,1,0
testing/notflip/0049_000000018,notflip/0049,18,ENV-04,0,training/flip/0011_000000012,flip/0011,ENV-02,0.04694068701308245,16,0.1594822594521605,4.018393733648167,0.04164400077160494,0.1549239752121913,0.02099488811728395,0.004790311213582754,0.9800476431846619,0.9901952147483826,0.002611107425764203,0,1,1,0
testing/notflip/0049_000000022,notflip/0049,22,ENV-04,0,training/notflip/0006_000000003,notflip/0006,ENV-01,0.0579398024626466,16,0.190520692997685,4.981007169595123,0.10622974537037037,0.15925514506172836,0.02181375385802469,0.015434309840202332,0.9946731925010681,0.9939823746681213,0.03554753586649895,0,1,1,0
testing/notflip/0049_000000026,notflip/0049,26,ENV-04,0,training/notflip/0006_000000013,notflip/0006,ENV-01,0.053547914305304464,16,0.19232430680941373,4.628021222611881,0.09687789351851851,0.16185261921296282,0.02200810185185185,0.00910442229360342,0.9939879179000854,0.9897254109382629,0.0073766098357737064,0,1,1,0
testing/notflip/0049_000000028,notflip/0049,28,ENV-04,0,training/flip/0013_000000019,flip/0013,ENV-02,0.0564210421511495,16,0.18769595707947498,5.020878563478141,0.03796585648148148,0.1623338465470677,0.023154899691358026,0.013917972333729267,0.9941442608833313,0.9901134967803955,0.005577653180807829,0,1,1,0
testing/notflip/0050_000000011,notflip/0050,11,ENV-04,0,training/flip/0015_000000020,flip/0015,ENV-02,0.0466119850700034,16,0.15486867930169756,3.5222154712334746,0.010676118827160495,0.15283453308256187,0.03291232638888889,0.0008164995815604925,0.9135626554489136,0.9994832277297974,0.0010713530937209725,0,1,1,0
testing/notflip/0050_000000013,notflip/0050,13,ENV-04,0,training/notflip/0005_000000002,notflip/0005,ENV-01,0.04008146108617961,16,0.20696628732638914,3.03162810844979,0.03834587191358025,0.15294899556327143,0.030844907407407408,0.000619517988525331,0.867946445941925,0.9996240139007568,0.0012059537693858147,0,1,1,0
testing/notflip/0051_000000002,notflip/0051,2,ENV-04,0,training/flip/0013_000000017,flip/0013,ENV-02,0.054024133674542715,16,0.17227989187885873,4.518321381489166,0.08706404320987654,0.15799142235725322,0.017963927469135804,0.00024808529997244477,0.6296420097351074,0.6622523069381714,0.0016511839348822832,0,1,1,0
testing/notflip/0051_000000012,notflip/0051,12,ENV-04,0,training/flip/0017_000000013,flip/0017,ENV-02,0.05305619961025941,16,0.1992987052469137,3.467330266702412,0.01818528163580247,0.16291139130015442,0.017921971450617285,0.0006665828404948115,0.9053117632865906,0.7606936693191528,0.0004486498946789652,0,1,1,0
testing/notflip/0051_000000025,notflip/0051,25,ENV-04,0,training/notflip/0015_000000007,notflip/0015,ENV-02,0.07873569388948412,16,0.18311735628858036,6.031249376344574,0.12118586033950618,0.1599875997299381,0.020614390432098766,0.007559223100543022,0.9863283038139343,0.784462034702301,0.0033200301695615053,0,1,1,0
testing/notflip/0052_000000006,notflip/0052,6,ENV-04,0,training/flip/0016_000000014,flip/0016,ENV-02,0.04413898058693739,16,0.1991330466820987,4.018393733648167,0.024577546296296295,0.15966512393904425,0.02757764274691358,0.0007984023541212082,0.9122509360313416,0.9978814721107483,0.00349013926461339,0,1,1,0
testing/notflip/0052_000000014,notflip/0052,14,ENV-04,0,training/notflip/0006_000000003,notflip/0006,ENV-01,0.04768346793529245,16,0.19638185783179055,4.1660839728234595,0.10947723765432099,0.15874007812500096,0.0288233024691358,0.0024505287874490023,0.9597298502922058,0.9982466697692871,0.012039671652019024,0,1,1,0
testing/notflip/0052_000000022,notflip/0052,22,ENV-04,0,training/notflip/0005_000000006,notflip/0005,ENV-01,0.045002570739940434,16,0.21280492573302512,3.3546050074166045,0.08722800925925926,0.15481465364583383,0.027921006944444444,0.005624845623970032,0.9860227108001709,0.9983119964599609,0.009429926984012127,0,1,1,0
testing/notflip/0052_000000029,notflip/0052,29,ENV-04,0,training/flip/0016_000000022,flip/0016,ENV-02,0.0695234525674445,16,0.19453476890432086,6.031249376344584,0.05462480709876543,0.1545593056520068,0.02632957175925926,0.008026043884456158,0.9710924029350281,0.995923638343811,0.026372171938419342,0,1,1,0
testing/notflip/0053_000000001,notflip/0053,1,ENV-04,0,training/notflip/0015_000000016,notflip/0015,ENV-02,0.05243867820277056,16,0.1605293658371909,2.960092971313329,0.01712528935185185,0.1539462714120368,0.036327160493827164,0.006360107101500034,0.979971706867218,0.9999277591705322,0.0020366129465401173,0,1,1,0
testing/notflip/0053_000000008,notflip/0053,8,ENV-04,0,training/notflip/0015_000000024,notflip/0015,ENV-02,0.045078606723653394,16,0.18164020032793185,2.5647941802726235,0.024794077932098764,0.15873961043595655,0.028560956790123458,0.0005484073772095144,0.6772564649581909,0.9993516802787781,0.0003167547401972115,0,1,1,0
testing/notflip/0053_000000011,notflip/0053,11,ENV-04,0,training/notflip/0008_000000010,notflip/0008,ENV-01,0.04289081888952634,16,0.202459196084105,3.5222154712334732,0.09506558641975309,0.1576333122106477,0.02572145061728395,0.00045208114897832274,0.7489897608757019,0.9959318041801453,0.0005868201842531562,0,1,1,0
testing/notflip/0053_000000016,notflip/0053,16,ENV-04,0,training/flip/0021_000000022,flip/0021,ENV-02,0.05754163698120285,16,0.16741150298996835,4.796784642026368,0.06605661651234568,0.15835000675154293,0.024871720679012346,0.0013777443673461676,0.9215949773788452,0.988577127456665,0.0016817365540191531,0,1,1,0
testing/notflip/0053_000000017,notflip/0053,17,ENV-04,0,training/flip/0022_000000013,flip/0022,ENV-02,0.04972816510342636,16,0.16550157089120304,4.304756945748228,0.06385368441358025,0.15849782224151204,0.025124421296296297,0.0028127103578299284,0.9614617824554443,0.9945161938667297,0.0028938802424818277,0,1,1,0
testing/notflip/0053_000000025,notflip/0053,25,ENV-04,0,training/flip/0022_000000019,flip/0022,ENV-02,0.0616291196061208,16,0.1616400624999998,5.2833232068502065,0.09828896604938271,0.16234692187500036,0.02458719135802469,0.0055579994805157185,0.9859091639518738,0.9778962135314941,0.006460838485509157,0,1,1,0
testing/notflip/0054_000000010,notflip/0054,10,ENV-04,0,training/notflip/0006_000000007,notflip/0006,ENV-01,0.03183819172379041,16,0.24885227662037054,2.5498607187574165,0.03981385030864198,0.15553879185956793,0.02900848765432099,0.0003536813019309193,0.40724828839302063,0.9999334812164307,0.0006719274679198861,0,0,1,0
testing/notflip/0054_000000020,notflip/0054,20,ENV-04,0,training/flip/0016_000000017,flip/0016,ENV-02,0.0482925012183822,16,0.22884098832947466,4.304756945748228,0.04097608024691358,0.15550763599537012,0.028878761574074076,0.000817556050606072,0.43076449632644653,0.9996685981750488,0.002213624306023121,0,0,1,0
testing/notflip/0054_000000023,notflip/0054,23,ENV-04,0,training/flip/0016_000000020,flip/0016,ENV-02,0.059614735363460555,16,0.19779877044753116,5.2833232068502225,0.03902488425925926,0.153543958043981,0.027689043209876543,0.0015195922460407019,0.7650785446166992,0.9997625946998596,0.005440446548163891,0,1,1,0
testing/notflip/0054_000000027,notflip/0054,27,ENV-04,0,training/flip/0021_000000025,flip/0021,ENV-02,0.05638413988069908,16,0.22512896363811746,4.796784642026368,0.03786168981481482,0.1546494483989193,0.026990740740740742,0.0013935407623648643,0.8066250085830688,0.99970942735672,0.0032095492351800203,0,1,1,0
testing/notflip/0055_000000012,notflip/0055,12,ENV-04,0,training/notflip/0015_000000006,notflip/0015,ENV-02,0.07509245644746233,16,0.155624741994599,5.129588360545275,0.10709780092592593,0.15795291888503044,0.023250868055555554,0.001774876844137907,0.9218559265136719,0.9979975819587708,0.0006494818371720612,0,1,1,0
testing/notflip/0055_000000013,notflip/0055,13,ENV-04,0,training/notflip/0015_000000010,notflip/0015,ENV-02,0.07549317519894101,16,0.17983110484182155,5.307444835509222,0.10714891975308642,0.1578660444637342,0.022728587962962964,0.0013543299864977598,0.9187121391296387,0.9968892931938171,0.0006568919052369893,0,1,1,0
testing/notflip/0055_000000016,notflip/0055,16,ENV-04,0,training/flip/0015_000000015,flip/0015,ENV-02,0.048888135535282845,16,0.1513904182098762,4.018393733648176,0.017895447530864198,0.15923815576774683,0.021958912037037037,0.002373209921643138,0.955747663974762,0.9970958232879639,0.002137455390766263,0,1,1,0
testing/notflip/0056_000000004,notflip/0056,4,ENV-04,0,training/flip/0018_000000002,flip/0018,ENV-02,0.03337961492648976,16,0.1913192793209878,2.455234236120775,0.009250578703703704,0.15558391984953665,0.030500096450617284,0.0022180257365107536,0.44787317514419556,0.9991278052330017,0.001767579116858542,0,0,1,0
testing/notflip/0056_000000007,notflip/0056,7,ENV-04,0,training/flip/0016_000000021,flip/0016,ENV-02,0.05964792855035258,16,0.20503223032407514,5.020878563478141,0.04870273919753086,0.15543735783178958,0.029559702932098766,0.0003529823443386704,0.24366351962089539,0.9979141354560852,0.001382274553179741,0,0,1,0
testing/notflip/0056_000000011,notflip/0056,11,ENV-04,0,training/flip/0011_000000021,flip/0011,ENV-02,0.05745354886697258,16,0.21203811747685242,5.099721437514827,0.07611930941358025,0.1537997582947526,0.029406346450617283,0.0004157956864219159,0.31542760133743286,0.9981328845024109,0.0015928706852719188,0,0,1,0
testing/notflip/0056_000000013,notflip/0056,13,ENV-04,0,training/notflip/0015_000000006,notflip/0015,ENV-02,0.06904520735758023,16,0.16466711024305594,5.12958836054526,0.07675733024691359,0.15444518335262308,0.027370273919753087,0.0006681914092041552,0.6466237306594849,0.9986342787742615,0.0007565391715615988,0,1,1,0
testing/notflip/0056_000000022,notflip/0056,22,ENV-04,0,training/flip/0016_000000020,flip/0016,ENV-02,0.06347631770495984,16,0.20188551707175942,5.525347819543952,0.04822530864197531,0.15580376678240745,0.02765576774691358,0.001547915511764586,0.9063339233398438,0.9986194372177124,0.005594976246356964,0,1,1,0
testing/notflip/0056_000000024,notflip/0056,24,ENV-04,0,training/notflip/0015_000000008,notflip/0015,ENV-02,0.0708493698433395,16,0.16054465750385807,5.30744483550922,0.07860628858024692,0.15505809461805548,0.028293306327160494,0.0029948498122394085,0.9294843077659607,0.9988258481025696,0.0033780697267502546,0,1,1,0
testing/notflip/0056_000000027,notflip/0056,27,ENV-04,0,training/flip/0012_000000023,flip/0012,ENV-02,0.054603721269014145,16,0.19484476408178897,5.357843626105899,0.0786082175925926,0.15495846363811736,0.02728877314814815,0.00561295822262764,0.9778314828872681,0.9993040561676025,0.020481809973716736,0,1,1,0
testing/notflip/0057_000000003,notflip/0057,3,ENV-04,0,training/notflip/0015_000000022,notflip/0015,ENV-02,0.061570178601843197,16,0.15548166849922848,4.4857103498167135,0.05304542824074074,0.14535105931713024,0.02802854938271605,0.002457737224176526,0.9570209383964539,0.9984354376792908,0.001033426495268941,0,1,1,0
testing/notflip/0057_000000007,notflip/0057,7,ENV-04,0,training/notflip/0015_000000007,notflip/0015,ENV-02,0.07724527792072514,16,0.1799840244984571,5.778768924566758,0.10695842978395062,0.1486682490354943,0.028037712191358026,0.00447241822257638,0.9693088531494141,0.9928731918334961,0.0027125489432364702,0,1,1,0
testing/notflip/0057_000000012,notflip/0057,12,ENV-04,0,training/flip/0016_000000024,flip/0016,ENV-02,0.07070330772344867,16,0.18798539814814857,6.277028755231863,0.08714313271604938,0.1514256279899696,0.029107831790123457,0.0032345515210181475,0.9512951374053955,0.9970665574073792,0.017587441951036453,0,1,1,0
testing/notflip/0057_000000023,notflip/0057,23,ENV-04,0,training/flip/0013_000000016,flip/0013,ENV-02,0.04412067077684399,16,0.14836166020447505,4.1660839728234595,0.04107542438271605,0.1534726646412043,0.030512152777777777,0.006442059762775898,0.9885753989219666,0.9982327222824097,0.0054488820023834705,0,1,1,0
testing/notflip/0057_000000027,notflip/0057,27,ENV-04,0,training/flip/0017_000000010,flip/0017,ENV-02,0.041548775058712704,16,0.21474451138117262,2.9250540302291563,0.007457561728395062,0.1533261682098771,0.03199025848765432,0.004848418291658163,0.9784854054450989,0.9981220364570618,0.00340889859944582,0,1,1,0
testing/notflip/0058_000000002,notflip/0058,2,ENV-04,0,training/notflip/0015_000000001,notflip/0015,ENV-02,0.05362677771580365,16,0.20684161043595733,3.4140519418398023,0.008838734567901234,0.14397066657021673,0.04064284336419753,0.09756552428007126,0.999538779258728,0.999962568283081,0.0475754551589489,0,1,1,0
testing/notflip/0058_000000004,notflip/0058,4,ENV-04,0,training/flip/0011_000000019,flip/0011,ENV-02,0.035689236051214636,16,0.11293671460262326,2.9600929713133293,0.007252604166666667,0.1476907182677476,0.03872974537037037,0.03416401147842407,0.9998012185096741,0.9999895095825195,0.013286871835589409,0,1,1,0
testing/notflip/0058_000000013,notflip/0058,13,ENV-04,0,training/notflip/0005_000000004,notflip/0005,ENV-01,0.048626256713538624,16,0.22150984693287085,4.166083972823459,0.10263695987654321,0.15007063252314803,0.024950810185185184,0.024482643231749535,0.9878195524215698,0.9973567724227905,0.010737254284322262,0,1,1,0
testing/notflip/0058_000000018,notflip/0058,18,ENV-04,0,training/notflip/0006_000000003,notflip/0006,ENV-01,0.056079330573328826,16,0.1724766683063277,4.981007169595119,0.1224975887345679,0.14935815933641966,0.02422309027777778,0.019385214895009995,0.9854831695556641,0.9940208792686462,0.0160633884370327,0,1,1,0
testing/notflip/0058_000000020,notflip/0058,20,ENV-04,0,training/flip/0022_000000019,flip/0022,ENV-02,0.06250669513116333,16,0.20165751957947528,5.525347819543962,0.08086950231481481,0.15110982378472212,0.023821855709876542,0.020811349153518677,0.9866095185279846,0.9948596954345703,0.006513751577585936,0,1,1,0
testing/notflip/0058_000000021,notflip/0058,21,ENV-04,0,training/flip/0012_000000021,flip/0012,ENV-02,0.06017934632197959,16,0.16746471055169754,5.357843626105901,0.07921055169753087,0.15072379060570976,0.023429301697530863,0.026834480464458466,0.9854103326797485,0.9949206709861755,0.011743438430130482,0,1,1,0
testing/notflip/0058_000000025,notflip/0058,25,ENV-04,0,training/notflip/0015_000000001,notflip/0015,ENV-02,0.07515552348659468,16,0.17067049025848804,5.818509430854236,0.08787808641975309,0.15403327951388887,0.02318672839506173,0.026925455778837204,0.9905954599380493,0.9945916533470154,0.002789233811199665,0,1,1,0
