video_id,n,f1,tn,fp,fn,tp,mean_prob_flip,min_prob_flip,max_prob_flip
flip/0001,4,0.8571428571428571,0,0,1,3,0.7647975534200668,0.2451600432395935,0.987247109413147
flip/0002,3,0.8,0,0,1,2,0.6117569953203201,0.1141001433134079,0.9946140646934509
flip/0003,6,0.9090909090909091,0,0,1,5,0.8256788924336433,0.1916271299123764,0.9978681802749634
flip/0004,5,1.0,0,0,0,5,0.9314608573913574,0.7328009009361267,0.9998264908790588
flip/0005,6,1.0,0,0,0,6,0.9836396475632986,0.9038894772529602,0.9999009370803833
flip/0006,6,0.6666666666666666,0,0,3,3,0.4850292676128447,0.010982549749314785,0.9863576889038086
flip/0007,6,0.9090909090909091,0,0,1,5,0.82211634516716,0.27521783113479614,0.995438277721405
flip/0008,6,0.9090909090909091,0,0,1,5,0.8451882029573122,0.18494196236133575,0.9999122619628906
flip/0009,6,0.9090909090909091,0,0,1,5,0.8304399872819582,0.24393828213214874,0.9998552799224854
flip/0010,6,0.5,0,0,4,2,0.2832311162104209,0.023128237575292587,0.9970771074295044
flip/0011,6,1.0,0,0,0,6,0.8920098642508189,0.7623953223228455,0.9926428198814392
flip/0012,5,1.0,0,0,0,5,0.9962806224822998,0.9935628175735474,0.9998031258583069
flip/0013,6,1.0,0,0,0,6,0.9908339579900106,0.9779390692710876,0.9971574544906616
flip/0014,5,1.0,0,0,0,5,0.999989652633667,0.9999704360961914,0.9999991655349731
flip/0015,6,1.0,0,0,0,6,0.8074713349342346,0.657150387763977,0.9940762519836426
flip/0016,6,1.0,0,0,0,6,0.9993636012077332,0.9984253644943237,0.9998575448989868
flip/0017,4,1.0,0,0,0,4,0.9940691292285919,0.9889756441116333,0.9987583160400391
flip/0018,6,1.0,0,0,0,6,0.9983883798122406,0.9960067868232727,0.999834418296814
flip/0019,4,1.0,0,0,0,4,0.9999344050884247,0.9998297691345215,0.9999957084655762
flip/0020,4,1.0,0,0,0,4,0.9999988675117493,0.9999977350234985,0.9999996423721313
flip/0021,5,1.0,0,0,0,5,0.9992737174034119,0.9964595437049866,0.9999978542327881
flip/0022,4,1.0,0,0,0,4,0.9991789013147354,0.9981643557548523,0.9999465942382812
flip/0023,3,1.0,0,0,0,3,0.8500524759292603,0.5529768466949463,0.999523401260376
flip/0024,3,1.0,0,0,0,3,0.8241135279337565,0.6901037693023682,0.956244945526123
flip/0025,3,1.0,0,0,0,3,0.9999530712763468,0.9998764991760254,0.9999922513961792
flip/0026,3,0.8,0,0,1,2,0.8122674326101939,0.46999457478523254,0.9990886449813843
flip/0027,2,1.0,0,0,0,2,0.9848012328147888,0.9725855588912964,0.9970169067382812
flip/0028,6,0.9090909090909091,0,0,1,5,0.8042566652099291,0.15843825042247772,0.9999583959579468
flip/0029,4,1.0,0,0,0,4,0.9999511539936066,0.9998918771743774,0.9999971389770508
flip/0030,8,1.0,0,0,0,8,0.8960934802889824,0.7367063164710999,0.9919295310974121
flip/0031,3,1.0,0,0,0,3,0.9942965507507324,0.983062744140625,0.9999561309814453
flip/0032,2,1.0,0,0,0,2,0.9916398227214813,0.9838910698890686,0.999388575553894
flip/0033,3,1.0,0,0,0,3,0.8924820423126221,0.6822470426559448,0.9993900060653687
flip/0034,3,1.0,0,0,0,3,0.9059930245081583,0.7467684149742126,0.9898194670677185
flip/0035,4,1.0,0,0,0,4,0.9408918023109436,0.7675938010215759,0.9997188448905945
flip/0036,5,1.0,0,0,0,5,0.9999740123748779,0.9998880624771118,0.9999995231628418
flip/0037,6,0.6666666666666666,0,0,3,3,0.523624283572038,0.21090415120124817,0.9902212619781494
flip/0038,10,0.9473684210526315,0,0,1,9,0.932219284772873,0.4154435396194458,0.9999945163726807
flip/0039,5,0.5714285714285714,0,0,3,2,0.3681173399090767,0.04849746450781822,0.956545352935791
flip/0040,5,1.0,0,0,0,5,0.9852820992469787,0.969775915145874,0.9999828338623047
flip/0041,4,0.8571428571428571,0,0,1,3,0.6643795743584633,0.3922906219959259,0.9801438450813293
flip/0042,6,1.0,0,0,0,6,0.9854177534580231,0.9288267493247986,0.9999767541885376
flip/0043,2,1.0,0,0,0,2,0.8684662282466888,0.7482836246490479,0.9886488318443298
flip/0044,6,1.0,0,0,0,6,0.8155118425687155,0.6615326404571533,0.9992700219154358
flip/0045,5,1.0,0,0,0,5,0.999591064453125,0.9982241988182068,0.9999880790710449
flip/0046,5,0.8888888888888888,0,0,1,4,0.7324950754642486,0.4704544246196747,0.982943058013916
flip/0047,5,1.0,0,0,0,5,0.9884116291999817,0.9646084308624268,0.9972597360610962
flip/0048,5,0.75,0,0,2,3,0.562217413727194,0.005568892229348421,0.9936391711235046
flip/0049,3,1.0,0,0,0,3,0.8530477484067281,0.5705041885375977,0.9990667700767517
flip/0050,3,0.5,0,0,2,1,0.3848184334735076,0.05189485475420952,0.8871387243270874
flip/0051,4,0.6666666666666666,0,0,2,2,0.6083083427511156,0.025602510198950768,0.9954889416694641
flip/0052,4,0.6666666666666666,0,0,2,2,0.5079987631179392,0.01614406146109104,0.9939170479774475
flip/0053,6,0.6666666666666666,0,0,3,3,0.46078426685805124,0.001212211325764656,0.987533688545227
flip/0054,5,0.75,0,0,2,3,0.6666338704526424,0.02360166236758232,0.9955105781555176
flip/0055,4,0.6666666666666666,0,0,2,2,0.4789505675435066,0.11222366988658905,0.9820078015327454
flip/0056,4,0.8571428571428571,0,0,1,3,0.8290536180138588,0.38950005173683167,0.9995947480201721
flip/0057,4,0.8571428571428571,0,0,1,3,0.657629489665851,0.01449113991111517,0.9938892126083374
flip/0058,6,0.9090909090909091,0,0,1,5,0.8729321012894312,0.31893131136894226,0.9997952580451965
flip/0059,6,0.8,0,0,2,4,0.6076470911502838,0.0106260497123003,0.9988431930541992
flip/0060,11,0.7777777777777778,0,0,4,7,0.6121091965681196,8.950906340032816e-05,0.9958028197288513
flip/0061,5,0.5714285714285714,0,0,3,2,0.4438022365793586,0.011823601089417934,0.9956514239311218
flip/0062,6,0.2857142857142857,0,0,5,1,0.1933801756719428,2.550212957430631e-05,0.8725777268409729
flip/0063,3,0.8,0,0,1,2,0.7953063348929087,0.4173268973827362,0.9966741800308228
flip/0064,3,0.8,0,0,1,2,0.7254410783449808,0.24705374240875244,0.9937923550605774
flip/0065,6,0.6666666666666666,0,0,3,3,0.43370696865319286,2.3780501578585245e-05,0.9284126162528992
notflip/0001,6,0.0,6,0,0,0,0.012264803051948547,0.004942263010889292,0.01843518577516079
notflip/0002,6,0.0,6,0,0,0,0.004993216328633328,0.001805705251172185,0.015574200078845024
notflip/0003,6,0.0,6,0,0,0,0.04479829128831625,0.013412205502390862,0.09936604648828506
notflip/0004,7,0.0,7,0,0,0,0.004805796214246324,0.002959655364975333,0.0058240583166480064
notflip/0005,6,0.0,6,0,0,0,0.0014935359552813072,0.0010735568357631564,0.0017097056843340397
notflip/0006,6,0.0,6,0,0,0,2.0767857828711083e-05,9.66234892985085e-06,3.215582182747312e-05
notflip/0007,6,0.0,6,0,0,0,0.005635327523729454,0.0014348897384479642,0.00942145474255085
notflip/0008,6,0.0,6,0,0,0,0.004191784459787111,0.0025739953853189945,0.0064909993670880795
notflip/0009,6,0.0,6,0,0,0,0.00275307420330743,0.0019727516919374466,0.0036992356181144714
notflip/0010,6,0.0,6,0,0,0,0.0017363809844634186,0.0005431519821286201,0.0028520512860268354
notflip/0011,6,0.0,6,0,0,0,0.0017642373762403925,0.001019541174173355,0.0027743051759898663
notflip/0015,6,0.0,0,6,0,0,0.9191837310791016,0.8137186765670776,0.9709475040435791
notflip/0016,5,0.0,5,0,0,0,0.020778482034802436,0.01133595872670412,0.034962523728609085
notflip/0019,6,0.0,6,0,0,0,0.0038000561762601137,0.002026398666203022,0.008232476189732552
notflip/0020,5,0.0,5,0,0,0,0.00327983726747334,0.0026807538233697414,0.004137086682021618
notflip/0021,2,0.0,2,0,0,0,0.027468089945614338,0.025361431762576103,0.029574748128652573
notflip/0023,6,0.0,6,0,0,0,0.0007119559838126103,0.00042566965566948056,0.0010603696573525667
notflip/0024,6,0.0,6,0,0,0,0.00624354078900069,0.0030525692272931337,0.00892232358455658
notflip/0025,6,0.0,6,0,0,0,0.0018170290083313982,0.0016093289013952017,0.0021068959031254053
notflip/0026,6,0.0,6,0,0,0,0.0017490600196955104,0.0013724699383601546,0.0025784356985241175
notflip/0027,6,0.0,6,0,0,0,0.005913236411288381,0.0029982388950884342,0.008325154893100262
notflip/0028,6,0.0,6,0,0,0,0.02393788316597541,0.016789447516202927,0.0282149538397789
notflip/0029,6,0.0,6,0,0,0,0.01470342231914401,0.011720423586666584,0.018745187669992447
notflip/0030,6,0.0,6,0,0,0,0.008672355130935708,0.0067094252444803715,0.010152637027204037
notflip/0031,6,0.0,6,0,0,0,0.00436213876431187,0.0025115255266427994,0.007977021858096123
notflip/0032,6,0.0,6,0,0,0,0.010017789667472243,0.006043602246791124,0.014252386055886745
notflip/0033,6,0.0,6,0,0,0,0.0795157973965009,0.039662107825279236,0.1676221638917923
notflip/0034,6,0.0,6,0,0,0,0.002075284137390554,0.0015499870060011744,0.0026746743824332952
notflip/0035,7,0.0,7,0,0,0,0.02250776227031435,0.008553262799978256,0.0463971346616745
notflip/0036,6,0.0,6,0,0,0,0.02890737323711316,0.022178053855895996,0.03158137574791908
notflip/0037,6,0.0,6,0,0,0,0.2881690636277199,0.13501732051372528,0.4759809374809265
notflip/0038,6,0.0,6,0,0,0,0.09738555271178484,0.014744529500603676,0.14078108966350555
notflip/0039,6,0.0,6,0,0,0,0.06744533280531566,0.031649768352508545,0.13368989527225494
notflip/0040,6,0.0,6,0,0,0,0.019933374598622322,0.016079124063253403,0.025997735559940338
notflip/0041,8,0.0,8,0,0,0,0.0002419365646346705,0.00019332962983753532,0.00034795282408595085
notflip/0042,6,0.0,4,2,0,0,0.357736311852932,0.03743928670883179,0.6089920401573181
notflip/0043,6,0.0,6,0,0,0,8.529906093220536e-05,6.024432514095679e-05,0.00011850230657728389
notflip/0044,6,0.0,6,0,0,0,0.001131464377976954,0.00044912146404385567,0.0022323201410472393
notflip/0045,6,0.0,6,0,0,0,0.012413543028136095,0.002755775349214673,0.026717904955148697
notflip/0046,6,0.0,6,0,0,0,0.028351104042182367,0.006638741120696068,0.08403576910495758
notflip/0047,6,0.0,6,0,0,0,0.002145466181294372,0.0010487735271453857,0.0033037534449249506
notflip/0048,6,0.0,6,0,0,0,0.00014235939306672662,9.032688831211999e-05,0.00026436609914526343
notflip/0049,6,0.0,6,0,0,0,0.031919543631374836,0.017116528004407883,0.05927247554063797
notflip/0050,6,0.0,6,0,0,0,1.2754079762089532e-05,8.013423212105408e-06,1.8118860680260696e-05
notflip/0051,6,0.0,6,0,0,0,0.002701956584739188,0.0021782065741717815,0.0032856897450983524
notflip/0052,6,0.0,6,0,0,0,0.004071159055456519,0.0021014802623540163,0.0068316892720758915
notflip/0053,6,0.0,6,0,0,0,0.013578457447389761,0.003750104922801256,0.03210330754518509
notflip/0054,6,0.0,6,0,0,0,0.0002030125639673012,0.00017361712525598705,0.00024278614728245884
notflip/0055,6,0.0,6,0,0,0,0.028001049843927223,0.004789060913026333,0.04872949421405792
notflip/0056,6,0.0,6,0,0,0,0.001657758994648854,0.0011068892199546099,0.0020392711739987135
notflip/0057,6,0.0,6,0,0,0,0.001196692823820437,0.00045003811828792095,0.0023381917271763086
notflip/0058,6,0.0,6,0,0,0,0.12184457418819268,0.03135398402810097,0.21584533154964447
