rank,candidate_id,f1,precision,recall,accuracy,balanced_accuracy,roc_auc,pr_auc,tn,fp,fn,tp,n,parameter_count
1,C06,0.88,0.9693486590038314,0.8057324840764332,0.8894230769230769,0.889963016231765,0.951756728991165,0.9636901675523587,302,8,61,253,624,345826
2,C09,0.8620689655172413,0.9398496240601504,0.7961783439490446,0.8717948717948718,0.872282720361619,0.904191493733306,0.9335496270809465,294,16,64,250,624,64728
3,C15,0.8405797101449275,0.9747899159663865,0.7388535031847133,0.8589743589743589,0.8597493322375179,0.9487877542634066,0.9653185497467711,304,6,82,232,624,221581
4,C13,0.803030303030303,0.9906542056074766,0.6751592356687898,0.8333333333333334,0.834353811382782,0.9486233819601397,0.9647814018736001,308,2,102,212,624,221581
5,C01,0.7870722433460076,0.9764150943396226,0.6592356687898089,0.8205128205128205,0.8215533182658722,0.9123279227450174,0.9391964054972125,305,5,107,207,624,277318
6,C07,0.7837837837837838,0.9950980392156863,0.6464968152866242,0.8205128205128205,0.8216355044175057,0.9277994657900145,0.9510683518054578,309,1,111,203,624,259936
7,C11,0.7760416666666666,0.6563876651982379,0.9490445859872612,0.7243589743589743,0.7229093897678242,0.9118399424696938,0.9197062181670282,154,156,16,298,624,958876
8,C05,0.744,1.0,0.5923566878980892,0.7948717948717948,0.7961783439490446,0.8858023423053215,0.9223992666923904,310,0,128,186,624,74999
9,C16,0.7209775967413442,1.0,0.5636942675159236,0.780448717948718,0.7818471337579618,0.8317135812615575,0.8834842234207395,310,0,137,177,624,15796
10,C12,0.7166979362101313,0.8721461187214612,0.60828025477707,0.7580128205128205,0.7589788370659544,0.8172693651119788,0.8506152720158074,282,28,123,191,624,4576
11,C02,0.6744186046511628,0.5311355311355311,0.9235668789808917,0.5512820512820513,0.5488802136839943,0.7600986233819601,0.8291691413109753,54,256,24,290,624,9483
12,C19,0.6680896478121665,0.5024077046548957,0.9968152866242038,0.5016025641025641,0.4984076433121019,0.6136583110745839,0.6862581947645126,0,310,1,313,624,2151
13,C03,0.6579804560260586,0.49917627677100496,0.964968152866242,0.4951923076923077,0.49216149578795976,0.769611670433532,0.840178971487715,6,304,11,303,624,15796
14,C20,0.6081632653061224,0.8465909090909091,0.4745222929936306,0.6923076923076923,0.6937127594000412,0.7716868707622766,0.8135626004765939,283,27,165,149,624,48646
15,C04,0.562929061784897,1.0,0.39171974522292996,0.6939102564102564,0.695859872611465,0.8648551469077462,0.9058589200271958,310,0,191,123,624,55213
16,C17,0.5339366515837104,0.921875,0.37579617834394907,0.6698717948717948,0.6717690569139101,0.920012327922745,0.9112073373455699,300,10,196,118,624,64728
17,C10,0.5047619047619047,1.0,0.3375796178343949,0.6666666666666666,0.6687898089171974,0.9686665296897473,0.9723584729697174,310,0,208,106,624,1570081
18,C18,0.5047619047619047,1.0,0.3375796178343949,0.6666666666666666,0.6687898089171974,0.8586089993836039,0.9020130043904746,310,0,208,106,624,55213
19,C08,0.360313315926893,1.0,0.2197452229299363,0.6073717948717948,0.6098726114649682,0.818317238545305,0.8711783363394777,310,0,245,69,624,9451
20,C14,0.2981029810298103,1.0,0.1751592356687898,0.5849358974358975,0.5875796178343949,0.9414218204232585,0.9567016157704819,310,0,259,55,624,1570081
