video_id,notflip_frames,flip_frames,mean_full_l1_distance,mean_full_l1_rank_notflip_to_flip,mean_full_l1_pct_notflip_to_flip,mean_full_l1_rank_flip_to_notflip,mean_full_l1_pct_flip_to_notflip,median_full_l1_distance,median_full_l1_rank_notflip_to_flip,median_full_l1_pct_notflip_to_flip,median_full_l1_rank_flip_to_notflip,median_full_l1_pct_flip_to_notflip,border_l1_distance,border_l1_rank_notflip_to_flip,border_l1_pct_notflip_to_flip,border_l1_rank_flip_to_notflip,border_l1_pct_flip_to_notflip,center_l1_distance,center_l1_rank_notflip_to_flip,center_l1_pct_notflip_to_flip,center_l1_rank_flip_to_notflip,center_l1_pct_flip_to_notflip,color_hist_cosine_distance,color_hist_cosine_rank_notflip_to_flip,color_hist_cosine_pct_notflip_to_flip,color_hist_cosine_rank_flip_to_notflip,color_hist_cosine_pct_flip_to_notflip,composite_mean_percentile,composite_median_percentile
0001,30,16,0.07196807116270065,6.0,0.078125,1.0,0.0,0.07284087687730789,5.0,0.0625,1.0,0.0,0.06552905589342117,7.0,0.09375,2.0,0.0196078431372549,0.08201293647289276,5.0,0.0625,1.0,0.0,0.12677407264709473,29.0,0.4375,2.0,0.0196078431372549,0.07735906862745098,0.04105392156862745
0002,30,13,0.0730811357498169,1.0,0.0,2.0,0.0196078431372549,0.07000134140253067,1.0,0.0,1.0,0.0,0.06584110110998154,1.0,0.0,2.0,0.0196078431372549,0.08437559008598328,1.0,0.0,1.0,0.0,0.16450834274291992,38.0,0.578125,5.0,0.0784313725490196,0.06957720588235294,0.0
0003,30,26,0.08909033983945847,3.0,0.03125,6.0,0.09803921568627451,0.09191112965345383,2.0,0.015625,7.0,0.11764705882352941,0.09135877341032028,7.0,0.09375,10.0,0.17647058823529413,0.08555158227682114,1.0,0.0,5.0,0.0784313725490196,0.11067783832550049,30.0,0.453125,4.0,0.058823529411764705,0.11231617647058825,0.0860906862745098
0004,35,24,0.0763755515217781,6.0,0.078125,3.0,0.0392156862745098,0.07654542475938797,5.0,0.0625,3.0,0.0392156862745098,0.07013842463493347,8.0,0.109375,3.0,0.0392156862745098,0.08610547333955765,3.0,0.03125,3.0,0.0392156862745098,0.25374025106430054,63.0,0.96875,6.0,0.09803921568627451,0.15049019607843137,0.0508578431372549
0005,30,30,0.06664779782295227,4.0,0.046875,2.0,0.0196078431372549,0.06600429862737656,2.0,0.015625,2.0,0.0196078431372549,0.05520122870802879,4.0,0.046875,3.0,0.0392156862745098,0.08450444787740707,5.0,0.0625,1.0,0.0,0.13257431983947754,29.0,0.4375,7.0,0.11764705882352941,0.0805453431372549,0.0430453431372549
0006,30,30,0.08803519606590271,4.0,0.046875,6.0,0.09803921568627451,0.09512963891029358,3.0,0.03125,6.0,0.09803921568627451,0.04867907986044884,1.0,0.0,3.0,0.0392156862745098,0.1494307518005371,56.0,0.859375,7.0,0.11764705882352941,0.03084564208984375,2.0,0.015625,4.0,0.058823529411764705,0.1364889705882353,0.05284926470588235
0007,30,26,0.1261347383260727,7.0,0.09375,20.0,0.37254901960784315,0.13993997871875763,8.0,0.109375,22.0,0.4117647058823529,0.09531763941049576,5.0,0.0625,10.0,0.17647058823529413,0.17420941591262817,10.0,0.140625,50.0,0.9607843137254902,0.27884358167648315,57.0,0.875,11.0,0.19607843137254902,0.339889705882353,0.18627450980392157
0008,30,29,0.06552239507436752,1.0,0.0,2.0,0.0196078431372549,0.0702376589179039,1.0,0.0,3.0,0.0392156862745098,0.05401373282074928,2.0,0.015625,3.0,0.0392156862745098,0.08347591757774353,3.0,0.03125,4.0,0.058823529411764705,0.15309792757034302,36.0,0.546875,10.0,0.17647058823529413,0.09270833333333334,0.0352328431372549
0009,30,28,0.09244173020124435,5.0,0.0625,7.0,0.11764705882352941,0.10600282996892929,6.0,0.078125,8.0,0.13725490196078433,0.0686587318778038,3.0,0.03125,8.0,0.13725490196078433,0.12954318523406982,24.0,0.359375,9.0,0.1568627450980392,0.18070083856582642,49.0,0.75,18.0,0.3333333333333333,0.21636029411764707,0.13725490196078433
0010,30,27,0.11208942532539368,9.0,0.125,8.0,0.13725490196078433,0.12158282846212387,10.0,0.140625,6.0,0.09803921568627451,0.09251019358634949,8.0,0.109375,7.0,0.11764705882352941,0.14263303577899933,10.0,0.140625,14.0,0.2549019607843137,0.2667643427848816,60.0,0.921875,9.0,0.1568627450980392,0.2202205882352941,0.13893995098039216
0011,30,26,0.17553086578845978,54.0,0.828125,34.0,0.6470588235294118,0.1828356385231018,54.0,0.828125,35.0,0.6666666666666666,0.16640622913837433,44.0,0.671875,32.0,0.6078431372549019,0.1897653043270111,65.0,1.0,34.0,0.6470588235294118,0.07198578119277954,4.0,0.046875,11.0,0.19607843137254902,0.6139705882352942,0.6568627450980392
0015,30,30,0.07048460096120834,6.0,0.078125,1.0,0.0,0.09447652101516724,9.0,0.125,1.0,0.0,0.05500958859920502,2.0,0.015625,1.0,0.0,0.09462563693523407,13.0,0.1875,1.0,0.0,0.018583953380584717,1.0,0.0,1.0,0.0,0.040625,0.0
0016,25,29,0.1104356124997139,23.0,0.34375,5.0,0.0784313725490196,0.11698165535926819,28.0,0.421875,6.0,0.09803921568627451,0.09433688223361969,21.0,0.3125,5.0,0.0784313725490196,0.1355496495962143,59.0,0.90625,5.0,0.0784313725490196,0.12792420387268066,33.0,0.5,29.0,0.5490196078431373,0.336672794117647,0.328125
0019,30,19,0.1081024631857872,23.0,0.34375,6.0,0.09803921568627451,0.11249139159917831,27.0,0.40625,5.0,0.0784313725490196,0.08999557793140411,16.0,0.234375,5.0,0.0784313725490196,0.13634920120239258,58.0,0.890625,6.0,0.09803921568627451,0.10035198926925659,24.0,0.359375,24.0,0.45098039215686275,0.3038296568627451,0.2890625
0020,21,20,0.09487251192331314,16.0,0.234375,5.0,0.0784313725490196,0.09521181136369705,15.0,0.21875,2.0,0.0196078431372549,0.07455473393201828,13.0,0.1875,2.0,0.0196078431372549,0.1265682578086853,52.0,0.796875,8.0,0.13725490196078433,0.07636326551437378,28.0,0.421875,7.0,0.11764705882352941,0.22319240196078433,0.16237745098039216
0021,8,21,0.0911228284239769,20.0,0.296875,2.0,0.0196078431372549,0.10355726629495621,22.0,0.328125,4.0,0.058823529411764705,0.07244463264942169,13.0,0.1875,2.0,0.0196078431372549,0.1202608123421669,45.0,0.6875,3.0,0.0392156862745098,0.07037991285324097,24.0,0.359375,13.0,0.23529411764705882,0.22319240196078433,0.2113970588235294
0023,30,14,0.06108996272087097,9.0,0.125,5.0,0.0784313725490196,0.05988259240984917,6.0,0.078125,4.0,0.058823529411764705,0.061542920768260956,10.0,0.140625,5.0,0.0784313725490196,0.06038334593176842,8.0,0.109375,4.0,0.058823529411764705,0.05445992946624756,22.0,0.328125,17.0,0.3137254901960784,0.1369485294117647,0.0939031862745098
0024,30,12,0.053146082907915115,5.0,0.0625,3.0,0.0392156862745098,0.055544864386320114,5.0,0.0625,3.0,0.0392156862745098,0.045379865914583206,5.0,0.0625,3.0,0.0392156862745098,0.06526138633489609,7.0,0.09375,4.0,0.058823529411764705,0.04845309257507324,17.0,0.25,7.0,0.11764705882352941,0.08253676470588237,0.0625
0025,30,11,0.03902626782655716,3.0,0.03125,2.0,0.0196078431372549,0.04129822179675102,1.0,0.0,2.0,0.0196078431372549,0.032351989299058914,3.0,0.03125,1.0,0.0,0.04943814128637314,4.0,0.046875,2.0,0.0196078431372549,0.029077649116516113,8.0,0.109375,4.0,0.058823529411764705,0.03363970588235295,0.02542892156862745
0026,30,15,0.0884062647819519,21.0,0.3125,7.0,0.11764705882352941,0.08575224131345749,16.0,0.234375,8.0,0.13725490196078433,0.0861518532037735,18.0,0.265625,7.0,0.11764705882352941,0.09192313998937607,20.0,0.296875,8.0,0.13725490196078433,0.1412166953086853,36.0,0.546875,34.0,0.6470588235294118,0.2813112745098039,0.25
0027,30,10,0.12389189004898071,35.0,0.53125,16.0,0.29411764705882354,0.14288991689682007,34.0,0.515625,34.0,0.6470588235294118,0.1184442937374115,33.0,0.5,12.0,0.21568627450980393,0.1323901116847992,38.0,0.578125,35.0,0.6666666666666666,0.2665688991546631,35.0,0.53125,47.0,0.9019607843137255,0.5381740196078432,0.53125
0028,30,28,0.10929077118635178,23.0,0.34375,13.0,0.23529411764705882,0.10609441995620728,17.0,0.25,11.0,0.19607843137254902,0.1203172579407692,28.0,0.421875,15.0,0.27450980392156865,0.0920894593000412,14.0,0.203125,10.0,0.17647058823529413,0.15044409036636353,30.0,0.453125,37.0,0.7058823529411765,0.32601102941176474,0.2622549019607843
0029,30,20,0.11874085664749146,24.0,0.359375,19.0,0.35294117647058826,0.12422242760658264,22.0,0.328125,22.0,0.4117647058823529,0.12951159477233887,27.0,0.40625,22.0,0.4117647058823529,0.10193849354982376,18.0,0.265625,16.0,0.29411764705882354,0.15386325120925903,29.0,0.4375,39.0,0.7450980392156863,0.4012561274509804,0.3828125
0030,30,38,0.13563185930252075,29.0,0.4375,19.0,0.35294117647058826,0.13868160545825958,29.0,0.4375,16.0,0.29411764705882354,0.1269783228635788,21.0,0.3125,21.0,0.39215686274509803,0.1491313874721527,46.0,0.703125,22.0,0.4117647058823529,0.12617212533950806,28.0,0.421875,34.0,0.6470588235294118,0.4410539215686275,0.41681985294117646
0031,30,15,0.12992025911808014,21.0,0.3125,26.0,0.49019607843137253,0.13481605052947998,20.0,0.296875,27.0,0.5098039215686274,0.1362263560295105,24.0,0.359375,24.0,0.45098039215686275,0.12008271366357803,17.0,0.25,39.0,0.7450980392156863,0.29809463024139404,32.0,0.484375,51.0,0.9803921568627451,0.4879595588235294,0.46767769607843135
0032,30,9,0.11481603235006332,21.0,0.3125,13.0,0.23529411764705882,0.12812340259552002,26.0,0.390625,13.0,0.23529411764705882,0.11798020452260971,22.0,0.328125,13.0,0.23529411764705882,0.10987991094589233,20.0,0.296875,13.0,0.23529411764705882,0.28379207849502563,37.0,0.5625,46.0,0.8823529411764706,0.37141544117647063,0.3046875
0033,30,11,0.13806940615177155,35.0,0.53125,22.0,0.4117647058823529,0.14956869184970856,35.0,0.53125,23.0,0.43137254901960786,0.1362806260585785,36.0,0.546875,22.0,0.4117647058823529,0.14085990190505981,37.0,0.5625,41.0,0.7843137254901961,0.33990174531936646,33.0,0.5,51.0,0.9803921568627451,0.5691482843137254,0.53125
0034,30,13,0.10856441408395767,15.0,0.21875,4.0,0.058823529411764705,0.11098984628915787,15.0,0.21875,5.0,0.0784313725490196,0.11602721363306046,18.0,0.265625,7.0,0.11764705882352941,0.09692246466875076,10.0,0.140625,4.0,0.058823529411764705,0.018758535385131836,1.0,0.0,3.0,0.0392156862745098,0.11966911764705883,0.09803921568627451
0035,32,16,0.058503568172454834,6.0,0.078125,8.0,0.13725490196078433,0.06658033281564713,6.0,0.078125,9.0,0.1568627450980392,0.055466096848249435,6.0,0.078125,8.0,0.13725490196078433,0.06324201822280884,8.0,0.109375,8.0,0.13725490196078433,0.0439678430557251,6.0,0.078125,10.0,0.17647058823529413,0.11669730392156863,0.12331495098039216
0036,30,21,0.06412508338689804,7.0,0.09375,9.0,0.1568627450980392,0.06386224180459976,7.0,0.09375,9.0,0.1568627450980392,0.05816524848341942,9.0,0.125,10.0,0.17647058823529413,0.07342242449522018,7.0,0.09375,13.0,0.23529411764705882,0.04867583513259888,10.0,0.140625,13.0,0.23529411764705882,0.15076593137254904,0.1487438725490196
0037,30,26,0.06591132283210754,8.0,0.109375,9.0,0.1568627450980392,0.07594018429517746,10.0,0.140625,9.0,0.1568627450980392,0.06581447273492813,8.0,0.109375,9.0,0.1568627450980392,0.06606242805719376,9.0,0.125,8.0,0.13725490196078433,0.022554636001586914,4.0,0.046875,6.0,0.09803921568627451,0.12371323529411767,0.13112745098039216
0038,30,46,0.06525293737649918,10.0,0.140625,7.0,0.11764705882352941,0.06913281232118607,10.0,0.140625,7.0,0.11764705882352941,0.05508905276656151,10.0,0.140625,7.0,0.11764705882352941,0.08110859245061874,12.0,0.171875,6.0,0.09803921568627451,0.030889034271240234,7.0,0.09375,4.0,0.058823529411764705,0.11973039215686276,0.11764705882352941
0039,30,21,0.08711454272270203,7.0,0.09375,13.0,0.23529411764705882,0.1058092713356018,10.0,0.140625,16.0,0.29411764705882354,0.07617032527923584,10.0,0.140625,10.0,0.17647058823529413,0.10418753325939178,4.0,0.046875,21.0,0.39215686274509803,0.03526484966278076,3.0,0.03125,11.0,0.19607843137254902,0.17472426470588237,0.15854779411764708
0040,30,25,0.06153430417180061,10.0,0.140625,5.0,0.0784313725490196,0.05791525915265083,7.0,0.09375,4.0,0.058823529411764705,0.0501004159450531,8.0,0.109375,5.0,0.0784313725490196,0.07937116920948029,12.0,0.171875,5.0,0.0784313725490196,0.062484681606292725,15.0,0.21875,14.0,0.2549019607843137,0.12833946078431374,0.1015625
0041,37,20,0.16815043985843658,39.0,0.59375,48.0,0.9215686274509803,0.17438645660877228,42.0,0.640625,51.0,0.9803921568627451,0.18323734402656555,39.0,0.59375,50.0,0.9607843137254902,0.14461487531661987,43.0,0.65625,48.0,0.9215686274509803,0.4250408411026001,63.0,0.96875,52.0,1.0,0.8237438725490197,0.9215686274509803
0042,30,30,0.14988842606544495,34.0,0.515625,36.0,0.6862745098039216,0.1498907059431076,33.0,0.5,34.0,0.6470588235294118,0.1725618690252304,40.0,0.609375,37.0,0.7058823529411765,0.11451784521341324,20.0,0.296875,33.0,0.6274509803921569,0.17845654487609863,38.0,0.578125,45.0,0.8627450980392157,0.6029411764705882,0.6184129901960784
0043,30,10,0.14351284503936768,41.0,0.625,26.0,0.49019607843137253,0.153606578707695,39.0,0.59375,26.0,0.49019607843137253,0.1631929576396942,52.0,0.796875,25.0,0.47058823529411764,0.1128118634223938,32.0,0.484375,27.0,0.5098039215686274,0.1380978226661682,27.0,0.40625,32.0,0.6078431372549019,0.5474877450980392,0.5
0044,30,27,0.15180128812789917,38.0,0.578125,37.0,0.7058823529411765,0.15371380746364594,35.0,0.53125,33.0,0.6274509803921569,0.1755296140909195,51.0,0.78125,38.0,0.7254901960784313,0.1147850826382637,23.0,0.34375,32.0,0.6078431372549019,0.15129178762435913,41.0,0.625,30.0,0.5686274509803921,0.6094669117647059,0.616421568627451
0045,30,24,0.14747093617916107,41.0,0.625,28.0,0.5294117647058824,0.15332716703414917,36.0,0.546875,31.0,0.5882352941176471,0.1760753095149994,55.0,0.84375,32.0,0.6078431372549019,0.10284814983606339,24.0,0.359375,25.0,0.47058823529411764,0.12101703882217407,24.0,0.359375,22.0,0.4117647058823529,0.5342218137254903,0.5381433823529411
0046,30,22,0.15978018939495087,44.0,0.671875,33.0,0.6274509803921569,0.15589463710784912,41.0,0.625,27.0,0.5098039215686274,0.1799406111240387,56.0,0.859375,32.0,0.6078431372549019,0.12832994759082794,33.0,0.5,38.0,0.7254901960784313,0.14597100019454956,36.0,0.546875,33.0,0.6274509803921569,0.6301164215686275,0.6262254901960784
0047,30,25,0.173654243350029,62.0,0.953125,27.0,0.5098039215686274,0.18349306285381317,62.0,0.953125,33.0,0.6274509803921569,0.1988781988620758,63.0,0.96875,31.0,0.5882352941176471,0.13430486619472504,49.0,0.75,25.0,0.47058823529411764,0.20944297313690186,48.0,0.734375,39.0,0.7450980392156863,0.7300551470588236,0.7397365196078431
0048,30,22,0.18757684528827667,63.0,0.96875,36.0,0.6862745098039216,0.1907079964876175,63.0,0.96875,35.0,0.6666666666666666,0.20580118894577026,65.0,1.0,38.0,0.7254901960784313,0.15914687514305115,51.0,0.78125,33.0,0.6274509803921569,0.22263103723526,53.0,0.8125,27.0,0.5098039215686274,0.7746936274509804,0.7533700980392157
0049,30,14,0.08876707404851913,17.0,0.25,13.0,0.23529411764705882,0.0897633358836174,15.0,0.21875,8.0,0.13725490196078433,0.0733427032828331,17.0,0.25,16.0,0.29411764705882354,0.11282908171415329,19.0,0.28125,13.0,0.23529411764705882,0.23856860399246216,57.0,0.875,9.0,0.1568627450980392,0.2933823529411765,0.2426470588235294
0050,29,14,0.07416784018278122,13.0,0.1875,12.0,0.21568627450980393,0.07862141728401184,11.0,0.15625,12.0,0.21568627450980393,0.06035243719816208,14.0,0.203125,14.0,0.2549019607843137,0.09571988135576248,15.0,0.21875,11.0,0.19607843137254902,0.2580661177635193,54.0,0.828125,22.0,0.4117647058823529,0.2887867647058823,0.21568627450980393
0051,30,16,0.07360648363828659,12.0,0.171875,13.0,0.23529411764705882,0.0731743723154068,13.0,0.1875,12.0,0.21568627450980393,0.05358116328716278,9.0,0.125,12.0,0.21568627450980393,0.10484596341848373,13.0,0.1875,13.0,0.23529411764705882,0.023100316524505615,4.0,0.046875,1.0,0.0,0.16207107843137253,0.1875
0052,30,17,0.08472130447626114,16.0,0.234375,15.0,0.27450980392156865,0.09379643201828003,16.0,0.234375,13.0,0.23529411764705882,0.06226373836398125,15.0,0.21875,13.0,0.23529411764705882,0.11975511908531189,20.0,0.296875,25.0,0.47058823529411764,0.15636861324310303,32.0,0.484375,16.0,0.29411764705882354,0.29785539215686274,0.2549019607843137
0053,30,30,0.0778641477227211,6.0,0.078125,18.0,0.3333333333333333,0.07921373844146729,5.0,0.0625,18.0,0.3333333333333333,0.055140793323516846,5.0,0.0625,16.0,0.29411764705882354,0.11331257969141006,4.0,0.046875,26.0,0.49019607843137253,0.11158990859985352,22.0,0.328125,12.0,0.21568627450980393,0.2244791666666667,0.2549019607843137
0054,30,22,0.08297889679670334,9.0,0.125,17.0,0.3137254901960784,0.09101387113332748,10.0,0.140625,17.0,0.3137254901960784,0.07008622586727142,10.0,0.140625,18.0,0.3333333333333333,0.10309146344661713,13.0,0.1875,18.0,0.3333333333333333,0.24192661046981812,47.0,0.71875,31.0,0.5882352941176471,0.31948529411764703,0.3137254901960784
0055,30,20,0.0752120092511177,7.0,0.09375,16.0,0.29411764705882354,0.0779004916548729,6.0,0.078125,16.0,0.29411764705882354,0.05309904366731644,7.0,0.09375,14.0,0.2549019607843137,0.10970824956893921,7.0,0.09375,18.0,0.3333333333333333,0.1401844024658203,36.0,0.546875,18.0,0.3333333333333333,0.24160539215686275,0.27450980392156865
0056,30,17,0.08486998081207275,12.0,0.171875,16.0,0.29411764705882354,0.09157124906778336,13.0,0.1875,14.0,0.2549019607843137,0.06640234589576721,11.0,0.15625,16.0,0.29411764705882354,0.11367947608232498,13.0,0.1875,19.0,0.35294117647058826,0.2370232343673706,51.0,0.78125,28.0,0.5294117647058824,0.32098651960784313,0.27450980392156865
0057,30,20,0.06397891789674759,10.0,0.140625,4.0,0.058823529411764705,0.062030550092458725,9.0,0.125,4.0,0.058823529411764705,0.04543718695640564,7.0,0.09375,2.0,0.0196078431372549,0.09290402382612228,11.0,0.15625,8.0,0.13725490196078433,0.1886017918586731,42.0,0.640625,7.0,0.11764705882352941,0.1548406862745098,0.1213235294117647
0058,30,29,0.07405087351799011,9.0,0.125,13.0,0.23529411764705882,0.0709499791264534,4.0,0.046875,14.0,0.2549019607843137,0.060109153389930725,11.0,0.15625,11.0,0.19607843137254902,0.09579996764659882,5.0,0.0625,14.0,0.2549019607843137,0.2896214723587036,58.0,0.890625,24.0,0.45098039215686275,0.26734068627450985,0.21568627450980393
