video_id,environment_id,review_status
flip/0001,ENV-01,reviewed
flip/0002,ENV-01,reviewed
flip/0003,ENV-01,reviewed
flip/0004,ENV-01,reviewed
flip/0005,ENV-01,reviewed
flip/0006,ENV-01,reviewed
flip/0007,ENV-01,reviewed
flip/0008,ENV-01,reviewed
flip/0009,ENV-01,reviewed
flip/0010,ENV-01,reviewed
flip/0011,ENV-02,reviewed
flip/0012,ENV-02,reviewed
flip/0013,ENV-02,reviewed
flip/0014,ENV-02,reviewed
flip/0015,ENV-02,reviewed
flip/0016,ENV-02,reviewed
flip/0017,ENV-02,reviewed
flip/0018,ENV-02,reviewed
flip/0019,ENV-02,reviewed
flip/0020,ENV-02,reviewed
flip/0021,ENV-02,reviewed
flip/0022,ENV-02,reviewed
flip/0023,ENV-02,reviewed
flip/0024,ENV-02,reviewed
flip/0025,ENV-02,reviewed
flip/0026,ENV-02,reviewed
flip/0027,ENV-02,reviewed
flip/0028,ENV-02,reviewed
flip/0029,ENV-02,reviewed
flip/0030,ENV-02,reviewed
flip/0031,ENV-02,reviewed
flip/0032,ENV-02,reviewed
flip/0033,ENV-02,reviewed
flip/0034,ENV-03,reviewed
flip/0035,ENV-03,reviewed
flip/0036,ENV-03,reviewed
flip/0037,ENV-03,reviewed
flip/0038,ENV-03,reviewed
flip/0039,ENV-03,reviewed
flip/0040,ENV-03,reviewed
flip/0041,ENV-03,reviewed
flip/0042,ENV-03,reviewed
flip/0043,ENV-03,reviewed
flip/0044,ENV-03,reviewed
flip/0045,ENV-03,reviewed
flip/0046,ENV-03,reviewed
flip/0047,ENV-03,reviewed
flip/0048,ENV-03,reviewed
flip/0049,ENV-04,reviewed
flip/0050,ENV-04,reviewed
flip/0051,ENV-04,reviewed
flip/0052,ENV-04,reviewed
flip/0053,ENV-04,reviewed
flip/0054,ENV-04,reviewed
flip/0055,ENV-04,reviewed
flip/0056,ENV-04,reviewed
flip/0057,ENV-04,reviewed
flip/0058,ENV-04,reviewed
flip/0059,ENV-04,reviewed
flip/0060,ENV-04,reviewed
flip/0061,ENV-04,reviewed
flip/0062,ENV-04,reviewed
flip/0063,ENV-04,reviewed
flip/0064,ENV-04,reviewed
flip/0065,ENV-04,reviewed
notflip/0001,ENV-01,reviewed
notflip/0002,ENV-01,reviewed
notflip/0003,ENV-01,reviewed
notflip/0004,ENV-01,reviewed
notflip/0005,ENV-01,reviewed
notflip/0006,ENV-01,reviewed
notflip/0007,ENV-01,reviewed
notflip/0008,ENV-01,reviewed
notflip/0009,ENV-01,reviewed
notflip/0010,ENV-01,reviewed
notflip/0011,ENV-01,reviewed
notflip/0015,ENV-02,reviewed
notflip/0016,ENV-02,reviewed
notflip/0019,ENV-02,reviewed
notflip/0020,ENV-02,reviewed
notflip/0021,ENV-02,reviewed
notflip/0023,ENV-02,reviewed
notflip/0024,ENV-02,reviewed
notflip/0025,ENV-02,reviewed
notflip/0026,ENV-02,reviewed
notflip/0027,ENV-03,reviewed
notflip/0028,ENV-03,reviewed
notflip/0029,ENV-03,reviewed
notflip/0030,ENV-03,reviewed
notflip/0031,ENV-03,reviewed
notflip/0032,ENV-03,reviewed
notflip/0033,ENV-03,reviewed
notflip/0034,ENV-03,reviewed
notflip/0035,ENV-03,reviewed
notflip/0036,ENV-03,reviewed
notflip/0037,ENV-03,reviewed
notflip/0038,ENV-03,reviewed
notflip/0039,ENV-03,reviewed
notflip/0040,ENV-03,reviewed
notflip/0041,ENV-04,reviewed
notflip/0042,ENV-04,reviewed
notflip/0043,ENV-04,reviewed
notflip/0044,ENV-04,reviewed
notflip/0045,ENV-04,reviewed
notflip/0046,ENV-04,reviewed
notflip/0047,ENV-04,reviewed
notflip/0048,ENV-04,reviewed
notflip/0049,ENV-04,reviewed
notflip/0050,ENV-04,reviewed
notflip/0051,ENV-04,reviewed
notflip/0052,ENV-04,reviewed
notflip/0053,ENV-04,reviewed
notflip/0054,ENV-04,reviewed
notflip/0055,ENV-04,reviewed
notflip/0056,ENV-04,reviewed
notflip/0057,ENV-04,reviewed
notflip/0058,ENV-04,reviewed
