sample_id,video_id,frame_number,y_true,detected_hands,mask_coverage,control_coverage,p_original,p_grayscale,p_hand_mask,p_matched_control,pred_original,pred_grayscale,pred_hand_mask,pred_matched_control
testing/flip/0034_000000015,flip/0034,15,1,1,0.20570486360373294,0.20570486360373294,0.9993177652359009,0.9988909363746643,0.9987724423408508,0.17073363065719604,1,1,1,0
testing/flip/0034_000000016,flip/0034,16,1,1,0.20057878679109836,0.20057878679109836,0.9977922439575195,0.9980702996253967,0.9994780421257019,0.2492065131664276,1,1,1,0
testing/flip/0034_000000019,flip/0034,19,1,1,0.18442659727207467,0.18442659727207467,0.9850650429725647,0.9977824091911316,0.9670370221138,0.3041538596153259,1,1,1,0
testing/flip/0036_000000007,flip/0036,7,1,1,0.124775664034458,0.124775664034458,0.7860093712806702,0.8459746241569519,0.46615999937057495,0.7833775877952576,1,1,0,1
testing/flip/0036_000000008,flip/0036,8,1,1,0.1248093144292893,0.1248093144292893,0.803795337677002,0.8200052976608276,0.49080732464790344,0.7518429756164551,1,1,0,1
testing/flip/0041_000000010,flip/0041,10,1,1,0.12763594759511845,0.12763594759511845,0.042028430849313736,0.9810972213745117,0.22678567469120026,0.24830779433250427,0,1,0,0
testing/notflip/0001_000000002,notflip/0001,2,0,1,0.14851040918880115,0.14851040918880115,0.022845979779958725,0.9990851879119873,0.6349470019340515,0.9290408492088318,0,1,1,1
testing/notflip/0001_000000004,notflip/0001,4,0,1,0.14851040918880115,0.14851040918880115,0.022722283378243446,0.9990866184234619,0.6337700486183167,0.9286985397338867,0,1,1,1
testing/notflip/0001_000000009,notflip/0001,9,0,1,0.14886934673366833,0.14886934673366833,0.023552263155579567,0.9991888403892517,0.5530166625976562,0.9081889390945435,0,1,1,1
testing/notflip/0001_000000014,notflip/0001,14,0,1,0.15001346015793252,0.15001346015793252,0.031376913189888,0.9993320107460022,0.6000102758407593,0.9498854279518127,0,1,1,1
testing/notflip/0001_000000024,notflip/0001,24,0,1,0.15203248384781048,0.15203248384781048,0.07595372200012207,0.9992470741271973,0.8203662037849426,0.9876605272293091,0,1,1,1
testing/notflip/0002_000000003,notflip/0002,3,0,1,0.13931263460157933,0.13931263460157933,0.0014146690955385566,0.9853019714355469,0.7416343092918396,0.04891308397054672,0,1,1,0
testing/notflip/0002_000000006,notflip/0002,6,0,1,0.13807878679109836,0.13807878679109836,0.0022539158817380667,0.9947709441184998,0.66730135679245,0.04557540640234947,0,1,1,0
testing/notflip/0002_000000008,notflip/0002,8,0,1,0.13835920674802585,0.13835920674802585,0.0032398090697824955,0.9971386194229126,0.7822414040565491,0.10099604725837708,0,1,1,0
testing/notflip/0002_000000012,notflip/0002,12,0,1,0.13833677315147164,0.13833677315147164,0.0042479922994971275,0.997916042804718,0.8244259357452393,0.16912849247455597,0,1,1,0
testing/notflip/0002_000000015,notflip/0002,15,0,1,0.139951992103374,0.139951992103374,0.004919916391372681,0.9987779259681702,0.8908592462539673,0.18172210454940796,0,1,1,0
testing/notflip/0002_000000026,notflip/0002,26,0,1,0.13926776740847094,0.13926776740847094,0.020278871059417725,0.9998780488967896,0.9690333604812622,0.4537135362625122,0,1,1,0
testing/notflip/0002_000000027,notflip/0002,27,0,1,0.13900978104809764,0.13900978104809764,0.02487584948539734,0.9999032020568848,0.9617806077003479,0.5048403739929199,0,1,1,1
testing/notflip/0002_000000028,notflip/0002,28,0,1,0.13846015793251973,0.13846015793251973,0.028621478006243706,0.9999094009399414,0.9621105194091797,0.5039840340614319,0,1,1,1
testing/notflip/0003_000000004,notflip/0003,4,0,1,0.16393350681981336,0.16393350681981336,0.0006956652505323291,0.9768872261047363,0.006269005127251148,0.00699258828535676,0,1,0,0
testing/notflip/0003_000000018,notflip/0003,18,0,1,0.15913271715721464,0.15913271715721464,0.006623259279876947,0.9985827207565308,0.08359917998313904,0.04727020859718323,0,1,0,0
testing/notflip/0003_000000025,notflip/0003,25,0,1,0.15513953697056712,0.15513953697056712,0.05145779624581337,0.9998437166213989,0.722402036190033,0.38038530945777893,0,1,1,0
testing/notflip/0003_000000030,notflip/0003,30,0,1,0.15722586145010767,0.15722586145010767,0.12263553589582443,0.9999574422836304,0.8749643564224243,0.5174735188484192,0,1,1,1
testing/notflip/0004_000000002,notflip/0004,2,0,2,0.22298994974874373,0.22298994974874373,0.005008345004171133,0.9845439791679382,0.5558000802993774,0.4124312698841095,0,1,1,0
testing/notflip/0004_000000004,notflip/0004,4,0,2,0.22269831299353912,0.22269831299353912,0.003634965978562832,0.9786365032196045,0.47170621156692505,0.35754257440567017,0,1,0,0
testing/notflip/0004_000000010,notflip/0004,10,0,2,0.24112751256281406,0.24112751256281406,0.0037948123645037413,0.9906107783317566,0.007269515655934811,0.46657392382621765,0,1,0,0
testing/notflip/0004_000000012,notflip/0004,12,0,2,0.24748743718592964,0.24748743718592964,0.006907958071678877,0.9977161884307861,0.004222216550260782,0.6353102326393127,0,1,0,1
testing/notflip/0004_000000015,notflip/0004,15,0,1,0.14733264536970567,0.14733264536970567,0.04587811604142189,0.9992503523826599,0.21005398035049438,0.893044650554657,0,1,0,1
testing/notflip/0004_000000016,notflip/0004,16,0,1,0.1471195262024408,0.1471195262024408,0.047556597739458084,0.9996727705001831,0.3309047520160675,0.8613296151161194,0,1,0,1
testing/notflip/0004_000000020,notflip/0004,20,0,1,0.14532483847810482,0.14532483847810482,0.06602651625871658,0.9995617270469666,0.34340888261795044,0.49553045630455017,0,1,0,0
testing/notflip/0004_000000023,notflip/0004,23,0,1,0.14274497487437185,0.14274497487437185,0.0396706648170948,0.9995392560958862,0.3239477872848511,0.06341273337602615,0,1,0,0
testing/notflip/0004_000000029,notflip/0004,29,0,1,0.1408942031586504,0.1408942031586504,0.0226740762591362,0.9989821314811707,0.3360394835472107,0.13178066909313202,0,1,0,0
testing/notflip/0005_000000005,notflip/0005,5,0,2,0.2866789303661163,0.2866789303661163,0.0016780898440629244,0.9990143775939941,0.033107366412878036,0.9826772809028625,0,1,0,1
testing/notflip/0005_000000009,notflip/0005,9,0,2,0.2995894651830581,0.2995894651830581,0.0011657614959403872,0.9991604089736938,0.005928744561970234,0.7315030694007874,0,1,0,1
testing/notflip/0005_000000012,notflip/0005,12,0,2,0.2864321608040201,0.2864321608040201,0.001505924854427576,0.9998190999031067,0.025356300175189972,0.5282706618309021,0,1,0,1
testing/notflip/0005_000000018,notflip/0005,18,0,1,0.15915515075376885,0.15915515075376885,0.0012902048183605075,0.9995054006576538,0.01647362858057022,0.17352554202079773,0,1,0,0
testing/notflip/0005_000000022,notflip/0005,22,0,1,0.15318781407035176,0.15318781407035176,0.010955266654491425,0.9999216794967651,0.20977066457271576,0.9021408557891846,0,1,0,1
testing/notflip/0006_000000009,notflip/0006,9,0,2,0.28958408111988515,0.28958408111988515,0.005662788636982441,0.9959484934806824,0.026578934863209724,0.718121349811554,0,1,0,1
testing/notflip/0006_000000015,notflip/0006,15,0,2,0.2853216977745872,0.2853216977745872,0.005904502235352993,0.9971495270729065,0.006832450162619352,0.7068803906440735,0,1,0,1
testing/notflip/0006_000000016,notflip/0006,16,0,2,0.28427853553481697,0.28427853553481697,0.007858331315219402,0.9965761303901672,0.00435517868027091,0.7331274151802063,0,1,0,1
testing/notflip/0006_000000019,notflip/0006,19,0,2,0.2807003768844221,0.2807003768844221,0.005528931971639395,0.991662859916687,0.004842888098210096,0.9166377782821655,0,1,0,1
testing/notflip/0006_000000021,notflip/0006,21,0,2,0.27892812275664036,0.27892812275664036,0.003548230743035674,0.9890480637550354,0.003837475087493658,0.8641824722290039,0,1,0,1
testing/notflip/0006_000000023,notflip/0006,23,0,2,0.2696181801866475,0.2696181801866475,0.00878049898892641,0.9927074313163757,0.003964979201555252,0.9671342372894287,0,1,0,1
testing/notflip/0006_000000025,notflip/0006,25,0,2,0.26483982412060303,0.26483982412060303,0.0042157662101089954,0.9831662178039551,0.008164809085428715,0.8009628653526306,0,1,0,1
testing/notflip/0006_000000027,notflip/0006,27,0,2,0.26483982412060303,0.26483982412060303,0.003300089156255126,0.9826944470405579,0.009972458705306053,0.6748284697532654,0,1,0,1
testing/notflip/0006_000000028,notflip/0006,28,0,2,0.2659502871500359,0.2659502871500359,0.0011119440896436572,0.9689919352531433,0.004003581125289202,0.5518611073493958,0,1,0,1
testing/notflip/0006_000000029,notflip/0006,29,0,2,0.2653221464465183,0.2653221464465183,0.001130530727095902,0.9691399335861206,0.0037386477924883366,0.48995473980903625,0,1,0,0
testing/notflip/0007_000000010,notflip/0007,10,0,2,0.28968503230437903,0.28968503230437903,0.0011613225797191262,0.9953274726867676,0.052622005343437195,0.946965217590332,0,1,0,1
testing/notflip/0007_000000025,notflip/0007,25,0,2,0.25879396984924624,0.25879396984924624,0.006356585305184126,0.9971613883972168,0.0763777419924736,0.5697763562202454,0,1,0,1
testing/notflip/0008_000000008,notflip/0008,8,0,2,0.28347092605886576,0.28347092605886576,0.00046692643081769347,0.9950454235076904,0.0030414608772844076,0.552301287651062,0,1,0,1
testing/notflip/0008_000000009,notflip/0008,9,0,2,0.2865443287867911,0.2865443287867911,0.0004923454253003001,0.9960668683052063,0.003981960006058216,0.6597707867622375,0,1,0,1
testing/notflip/0008_000000012,notflip/0008,12,0,2,0.2980864142139268,0.2980864142139268,0.0008121936116367579,0.9990134239196777,0.004304124508053064,0.9498491287231445,0,1,0,1
testing/notflip/0008_000000013,notflip/0008,13,0,2,0.3027638190954774,0.3027638190954774,0.0021369196474552155,0.9994200468063354,0.002549190307036042,0.9537125825881958,0,1,0,1
testing/notflip/0008_000000020,notflip/0008,20,0,1,0.1674555814788227,0.1674555814788227,0.0025053811259567738,0.9999109506607056,0.025650182738900185,0.24708759784698486,0,1,0,0
testing/notflip/0008_000000023,notflip/0008,23,0,1,0.16360821966977745,0.16360821966977745,0.009599536657333374,0.9999290704727173,0.16932585835456848,0.5260319709777832,0,1,0,1
testing/notflip/0009_000000002,notflip/0009,2,0,2,0.29035804020100503,0.29035804020100503,0.0013929980341345072,0.9996383190155029,0.7336924076080322,0.9992406368255615,0,1,1,1
testing/notflip/0009_000000003,notflip/0009,3,0,2,0.29041412419239054,0.29041412419239054,0.0014414472971111536,0.9996280670166016,0.7592907547950745,0.999257504940033,0,1,1,1
testing/notflip/0009_000000004,notflip/0009,4,0,2,0.2909300969131371,0.2909300969131371,0.0018118118168786168,0.9997289776802063,0.7839186191558838,0.9960353970527649,0,1,1,1
testing/notflip/0009_000000005,notflip/0009,5,0,2,0.290245872218234,0.290245872218234,0.0014496751828119159,0.9996728897094727,0.687961757183075,0.9593402147293091,0,1,1,1
testing/notflip/0009_000000012,notflip/0009,12,0,2,0.29004396984924624,0.29004396984924624,0.0005724827060475945,0.9982525706291199,0.10920488089323044,0.32801467180252075,0,1,0,0
testing/notflip/0009_000000015,notflip/0009,15,0,1,0.16953068916008615,0.16953068916008615,0.001173762371763587,0.9975899457931519,0.08160235732793808,0.5719770789146423,0,1,0,1
testing/notflip/0009_000000017,notflip/0009,17,0,1,0.1680276381909548,0.1680276381909548,0.0026546206790953875,0.9983243346214294,0.13233788311481476,0.34977462887763977,0,1,0,0
testing/notflip/0009_000000027,notflip/0009,27,0,1,0.1613760768126346,0.1613760768126346,0.006169050466269255,0.9971743822097778,0.32894065976142883,0.5708507299423218,0,1,0,1
testing/notflip/0010_000000007,notflip/0010,7,0,1,0.15463478104809764,0.15463478104809764,0.0018345926655456424,0.9744957089424133,0.18407310545444489,0.3758959174156189,0,1,0,0
testing/notflip/0010_000000009,notflip/0010,9,0,1,0.15257089016511127,0.15257089016511127,0.0028871214017271996,0.9620952010154724,0.1950787752866745,0.4672463834285736,0,1,0,0
testing/notflip/0010_000000026,notflip/0010,26,0,1,0.15337849964106245,0.15337849964106245,0.02943217195570469,0.9995450377464294,0.8918430805206299,0.8802370429039001,0,1,1,1
testing/notflip/0011_000000017,notflip/0011,17,0,2,0.26175520459440055,0.26175520459440055,0.004026596900075674,0.9898478388786316,0.03323989361524582,0.23974399268627167,0,1,0,0
testing/notflip/0011_000000018,notflip/0011,18,0,1,0.15371500358937545,0.15371500358937545,0.004843991249799728,0.9954581260681152,0.04712321609258652,0.14458908140659332,0,1,0,0
testing/notflip/0011_000000027,notflip/0011,27,0,1,0.13989590811198852,0.13989590811198852,0.018014222383499146,0.9988932013511658,0.445975661277771,0.8452630043029785,0,1,0,1
testing/notflip/0015_000000002,notflip/0015,2,0,1,0.22367417444364682,0.22367417444364682,0.041130851954221725,0.8952887654304504,0.22255393862724304,0.07997452467679977,0,1,0,0
testing/notflip/0015_000000003,notflip/0015,3,0,1,0.22294508255563533,0.22294508255563533,0.030032414942979813,0.8315085768699646,0.15639697015285492,0.04499409347772598,0,1,0,0
testing/notflip/0015_000000004,notflip/0015,4,0,1,0.22171123474515433,0.22171123474515433,0.01590888574719429,0.7990325689315796,0.12110348790884018,0.020941786468029022,0,1,0,0
testing/notflip/0015_000000005,notflip/0015,5,0,1,0.22166636755204594,0.22166636755204594,0.009372380562126637,0.7492098808288574,0.08990771323442459,0.013419559225440025,0,1,0,0
testing/notflip/0015_000000021,notflip/0015,21,0,0,0.0,0.0,0.023670822381973267,0.5312237739562988,0.023670822381973267,0.023670822381973267,0,1,0,0
testing/notflip/0016_000000001,notflip/0016,1,0,1,0.10188217875089735,0.10188217875089735,0.04242779687047005,0.8112637996673584,0.5290437936782837,0.2254391759634018,0,1,1,0
testing/notflip/0016_000000014,notflip/0016,14,0,1,0.11667713567839195,0.11667713567839195,0.10887130349874496,0.9661621451377869,0.7956632375717163,0.627859354019165,0,1,1,1
testing/notflip/0016_000000020,notflip/0016,20,0,1,0.10083901651112706,0.10083901651112706,0.07403068244457245,0.9627028107643127,0.7382752299308777,0.7594359517097473,0,1,1,1
testing/notflip/0016_000000023,notflip/0016,23,0,1,0.11436647523330941,0.11436647523330941,0.11342170834541321,0.9675279855728149,0.6416683793067932,0.8485856056213379,0,1,1,1
testing/notflip/0016_000000025,notflip/0016,25,0,1,0.12093951902368988,0.12093951902368988,0.08819125592708588,0.9563517570495605,0.4471309185028076,0.7799279689788818,0,1,0,1
testing/notflip/0019_000000002,notflip/0019,2,0,1,0.10308237616654702,0.10308237616654702,0.046511512249708176,0.9561993479728699,0.7089679837226868,0.5706470608711243,0,1,1,1
testing/notflip/0019_000000004,notflip/0019,4,0,1,0.10172514357501794,0.10172514357501794,0.032547224313020706,0.9509121179580688,0.3890286684036255,0.5261520147323608,0,1,0,1
testing/notflip/0019_000000012,notflip/0019,12,0,1,0.11048546302943288,0.11048546302943288,0.00848776288330555,0.894008994102478,0.4043612778186798,0.07532434910535812,0,1,0,0
testing/notflip/0019_000000015,notflip/0019,15,0,1,0.10474246231155779,0.10474246231155779,0.020650047808885574,0.922968327999115,0.3360324501991272,0.485616534948349,0,1,0,0
testing/notflip/0019_000000024,notflip/0019,24,0,1,0.10303750897343862,0.10303750897343862,0.03196196258068085,0.9554669260978699,0.48290398716926575,0.7204542756080627,0,1,0,1
testing/notflip/0019_000000025,notflip/0019,25,0,1,0.11074344938980617,0.11074344938980617,0.032976631075143814,0.9414135813713074,0.6559732556343079,0.5067216157913208,0,1,1,1
testing/notflip/0019_000000027,notflip/0019,27,0,1,0.10226354989231874,0.10226354989231874,0.02696719765663147,0.9550147652626038,0.49540945887565613,0.640243649482727,0,1,0,1
testing/notflip/0020_000000004,notflip/0020,4,0,1,0.129722272074659,0.129722272074659,0.011556167155504227,0.6990908980369568,0.25484687089920044,0.41560715436935425,0,1,0,0
testing/notflip/0020_000000010,notflip/0020,10,0,1,0.10839913854989232,0.10839913854989232,0.02087394706904888,0.8515117168426514,0.5303311347961426,0.23452520370483398,0,1,1,0
testing/notflip/0020_000000016,notflip/0020,16,0,1,0.1204347631012204,0.1204347631012204,0.018379701301455498,0.876015305519104,0.3182215988636017,0.4918474555015564,0,1,0,0
testing/notflip/0020_000000019,notflip/0020,19,0,1,0.12207241564967695,0.12207241564967695,0.011511811055243015,0.8238528966903687,0.2756028473377228,0.43431732058525085,0,1,0,0
testing/notflip/0021_000000024,notflip/0021,24,0,1,0.11834843862167983,0.11834843862167983,0.008973661810159683,0.9706889986991882,0.030475124716758728,0.027855349704623222,0,1,0,0
testing/notflip/0021_000000026,notflip/0021,26,0,1,0.11823627063890883,0.11823627063890883,0.016193684190511703,0.9841325283050537,0.05906859412789345,0.05996626615524292,0,1,0,0
testing/notflip/0023_000000014,notflip/0023,14,0,0,0.0,0.0,0.01494771707803011,0.974482536315918,0.01494771707803011,0.01494771707803011,0,1,0,0
testing/notflip/0023_000000020,notflip/0023,20,0,1,0.10309359296482412,0.10309359296482412,0.00422081770375371,0.806359052658081,0.06951896101236343,0.10655637830495834,0,1,0,0
testing/notflip/0023_000000024,notflip/0023,24,0,1,0.09323402727925341,0.09323402727925341,0.002128558699041605,0.7477337121963501,0.026895906776189804,0.03377259522676468,0,1,0,0
testing/notflip/0023_000000029,notflip/0023,29,0,1,0.09962760229720029,0.09962760229720029,0.0031977940816432238,0.8209384083747864,0.025972474366426468,0.027351651340723038,0,1,0,0
testing/notflip/0023_000000030,notflip/0023,30,0,1,0.09733937544867192,0.09733937544867192,0.003380036912858486,0.7658835053443909,0.04458935931324959,0.03508998453617096,0,1,0,0
testing/notflip/0024_000000002,notflip/0024,2,0,1,0.10569589016511127,0.10569589016511127,0.006817297078669071,0.5977714657783508,0.2514181435108185,0.24569372832775116,0,1,0,0
testing/notflip/0024_000000004,notflip/0024,4,0,1,0.10618942928930367,0.10618942928930367,0.023373840376734734,0.6573999524116516,0.4749581217765808,0.42507773637771606,0,1,0,0
testing/notflip/0024_000000006,notflip/0024,6,0,1,0.1093076992103374,0.1093076992103374,0.005224438384175301,0.5135625004768372,0.13114823400974274,0.113401398062706,0,1,0,0
testing/notflip/0024_000000007,notflip/0024,7,0,1,0.10551642139267767,0.10551642139267767,0.004556634929031134,0.5194957852363586,0.13170278072357178,0.14860175549983978,0,1,0,0
testing/notflip/0024_000000019,notflip/0024,19,0,1,0.10814115218951903,0.10814115218951903,0.00808918010443449,0.851172149181366,0.19934852421283722,0.25799793004989624,0,1,0,0
testing/notflip/0024_000000020,notflip/0024,20,0,1,0.10846643933955492,0.10846643933955492,0.0063979774713516235,0.8158292770385742,0.17644667625427246,0.20969286561012268,0,1,0,0
testing/notflip/0024_000000022,notflip/0024,22,0,1,0.10707555635319455,0.10707555635319455,0.004848261829465628,0.753089964389801,0.19547896087169647,0.2111278921365738,0,1,0,0
testing/notflip/0024_000000024,notflip/0024,24,0,1,0.10833183776022973,0.10833183776022973,0.00790133886039257,0.8529947400093079,0.23454242944717407,0.23022694885730743,0,1,0,0
testing/notflip/0024_000000025,notflip/0024,25,0,1,0.10663810122038765,0.10663810122038765,0.010256493464112282,0.8817957639694214,0.2851562798023224,0.3355175852775574,0,1,0,0
testing/notflip/0025_000000010,notflip/0025,10,0,0,0.0,0.0,0.0008983081788755953,0.9841905236244202,0.0008983081788755953,0.0008983081788755953,0,1,0,0
testing/notflip/0025_000000011,notflip/0025,11,0,0,0.0,0.0,0.001741055748425424,0.9859415888786316,0.001741055748425424,0.001741055748425424,0,1,0,0
testing/notflip/0025_000000013,notflip/0025,13,0,1,0.1152077351040919,0.1152077351040919,0.005059436429291964,0.9843555092811584,0.10557103157043457,0.05468729883432388,0,1,0,0
testing/notflip/0025_000000018,notflip/0025,18,0,1,0.11166322684852836,0.11166322684852836,0.0037629532162100077,0.7851092219352722,0.127994105219841,0.07865054905414581,0,1,0,0
testing/notflip/0025_000000021,notflip/0025,21,0,1,0.0935480976310122,0.0935480976310122,0.004209544975310564,0.7622072100639343,0.15541374683380127,0.050119172781705856,0,1,0,0
testing/notflip/0025_000000022,notflip/0025,22,0,1,0.09589240847092606,0.09589240847092606,0.004527520388364792,0.7824700474739075,0.1484110951423645,0.04934791475534439,0,1,0,0
testing/notflip/0025_000000025,notflip/0025,25,0,1,0.10335157932519741,0.10335157932519741,0.0056340997107326984,0.7077052593231201,0.15532273054122925,0.07909511029720306,0,1,0,0
testing/notflip/0026_000000004,notflip/0026,4,0,2,0.2230123833452979,0.2230123833452979,0.0031793040689080954,0.9853543043136597,0.14058370888233185,0.5745312571525574,0,1,0,1
testing/notflip/0026_000000005,notflip/0026,5,0,2,0.22435839913854988,0.22435839913854988,0.0022852469701319933,0.983355700969696,0.16220100224018097,0.47167983651161194,0,1,0,0
testing/notflip/0026_000000010,notflip/0026,10,0,0,0.0,0.0,0.0015398242976516485,0.9890109896659851,0.0015398242976516485,0.0015398242976516485,0,1,0,0
testing/notflip/0026_000000014,notflip/0026,14,0,1,0.09590362526920315,0.09590362526920315,0.02423965372145176,0.9648755788803101,0.33357512950897217,0.15609516203403473,0,1,0,0
testing/notflip/0026_000000024,notflip/0026,24,0,1,0.10089510050251256,0.10089510050251256,0.0014056687941774726,0.7652103304862976,0.025829236954450607,0.039001237601041794,0,1,0,0
testing/notflip/0026_000000029,notflip/0026,29,0,1,0.10163540918880115,0.10163540918880115,0.00351826217956841,0.6739966869354248,0.04693413898348808,0.061206281185150146,0,1,0,0
testing/notflip/0027_000000001,notflip/0027,1,0,1,0.13227970208183776,0.13227970208183776,0.00041707654600031674,0.9281628727912903,0.007201904430985451,0.01607123576104641,0,1,0,0
testing/notflip/0027_000000004,notflip/0027,4,0,1,0.13109072146446518,0.13109072146446518,0.0005184353794902563,0.9472548961639404,0.00881884153932333,0.025327324867248535,0,1,0,0
testing/notflip/0027_000000010,notflip/0027,10,0,1,0.12939698492462312,0.12939698492462312,0.0009140439215116203,0.9228408932685852,0.006818692199885845,0.04640407860279083,0,1,0,0
testing/notflip/0027_000000013,notflip/0027,13,0,1,0.12954280330222542,0.12954280330222542,0.0010019118199124932,0.9428727626800537,0.007148323114961386,0.04637063294649124,0,1,0,0
testing/notflip/0027_000000017,notflip/0027,17,0,1,0.13345746590093324,0.13345746590093324,0.002070413902401924,0.9931930899620056,0.013666749931871891,0.08199793100357056,0,1,0,0
testing/notflip/0027_000000022,notflip/0027,22,0,2,0.29796302943287867,0.29796302943287867,0.0019091007998213172,0.9937136769294739,0.13709568977355957,0.3539537787437439,0,1,0,0
testing/notflip/0027_000000023,notflip/0027,23,0,2,0.29849021895190236,0.29849021895190236,0.001383317052386701,0.9915592074394226,0.12456195801496506,0.12101254612207413,0,1,0,0
testing/notflip/0028_000000004,notflip/0028,4,0,2,0.2798927674084709,0.2798927674084709,0.022420182824134827,0.9452898502349854,0.1331670880317688,0.18709531426429749,0,1,0,0
testing/notflip/0029_000000001,notflip/0029,1,0,2,0.28220342785355346,0.28220342785355346,0.053432613611221313,0.961151659488678,0.09621191024780273,0.16643545031547546,0,1,0,0
testing/notflip/0029_000000003,notflip/0029,3,0,2,0.27798591170136394,0.27798591170136394,0.06288041174411774,0.9658236503601074,0.10455771535634995,0.3855624496936798,0,1,0,0
testing/notflip/0029_000000004,notflip/0029,4,0,1,0.13382762024407754,0.13382762024407754,0.060899294912815094,0.9498867988586426,0.035564519464969635,0.09886271506547928,0,1,0,0
testing/notflip/0029_000000005,notflip/0029,5,0,1,0.13134870782483848,0.13134870782483848,0.063243567943573,0.9466336965560913,0.027044981718063354,0.07290812581777573,0,1,0,0
testing/notflip/0029_000000013,notflip/0029,13,0,1,0.12412508973438621,0.12412508973438621,0.014129911549389362,0.6386979222297668,0.007361611817032099,0.016669798642396927,0,1,0,0
testing/notflip/0029_000000017,notflip/0029,17,0,1,0.12628993180186648,0.12628993180186648,0.0018043264281004667,0.5558252334594727,0.0013739897403866053,0.002982304198667407,0,1,0,0
testing/notflip/0029_000000018,notflip/0029,18,0,1,0.12591977745872218,0.12591977745872218,0.0023147924803197384,0.5888081192970276,0.0018730128649622202,0.005067197605967522,0,1,0,0
testing/notflip/0029_000000025,notflip/0029,25,0,1,0.12646940057430006,0.12646940057430006,0.005619455594569445,0.542771577835083,0.0031779834534972906,0.009334475733339787,0,1,0,0
testing/notflip/0030_000000001,notflip/0030,1,0,2,0.28680231514716437,0.28680231514716437,0.01837141439318657,0.9454277157783508,0.036997538059949875,0.0069551314227283,0,1,0,0
testing/notflip/0030_000000004,notflip/0030,4,0,2,0.28702665111270637,0.28702665111270637,0.004954189993441105,0.8897560834884644,0.01511207316070795,0.008665996603667736,0,1,0,0
testing/notflip/0030_000000007,notflip/0030,7,0,1,0.1410063711414214,0.1410063711414214,0.005077490117400885,0.9142072796821594,0.0026117966044694185,0.00931151770055294,0,1,0,0
testing/notflip/0031_000000004,notflip/0031,4,0,2,0.2862863424264178,0.2862863424264178,0.02596704661846161,0.989891767501831,0.016042713075876236,0.022243397310376167,0,1,0,0
testing/notflip/0031_000000008,notflip/0031,8,0,1,0.1297895728643216,0.1297895728643216,0.0015348398592323065,0.9197887778282166,0.0010406278306618333,0.010338407941162586,0,1,0,0
testing/notflip/0031_000000010,notflip/0031,10,0,1,0.12928481694185212,0.12928481694185212,0.0021157728042453527,0.8924119472503662,0.0011058800155296922,0.007490103133022785,0,1,0,0
testing/notflip/0031_000000015,notflip/0031,15,0,1,0.1258300430725054,0.1258300430725054,0.0019305171445012093,0.9065015912055969,0.0011501176049932837,0.0063612740486860275,0,1,0,0
testing/notflip/0031_000000016,notflip/0031,16,0,1,0.12588612706389088,0.12588612706389088,0.0028883435297757387,0.9239361882209778,0.0015648723347112536,0.008639100007712841,0,1,0,0
testing/notflip/0031_000000017,notflip/0031,17,0,1,0.12554962311557788,0.12554962311557788,0.003205407178029418,0.9195581078529358,0.0019217445515096188,0.00784913171082735,0,1,0,0
testing/notflip/0031_000000019,notflip/0031,19,0,1,0.12708632447954055,0.12708632447954055,0.003097537439316511,0.9168764352798462,0.0017174514941871166,0.00642737140879035,0,1,0,0
testing/notflip/0031_000000020,notflip/0031,20,0,1,0.12635723259152906,0.12635723259152906,0.002732825931161642,0.920808732509613,0.001429503783583641,0.006551052909344435,0,1,0,0
testing/notflip/0032_000000003,notflip/0032,3,0,2,0.25849111629576454,0.25849111629576454,0.005135338753461838,0.7167003750801086,0.0929524227976799,0.10682853311300278,0,1,0,0
testing/notflip/0032_000000007,notflip/0032,7,0,2,0.25767229002153624,0.25767229002153624,0.005495828110724688,0.7221775650978088,0.1364252269268036,0.09211275726556778,0,1,0,0
testing/notflip/0032_000000008,notflip/0032,8,0,2,0.25781810839913855,0.25781810839913855,0.007575251627713442,0.7558448910713196,0.07666407525539398,0.16760508716106415,0,1,0,0
testing/notflip/0032_000000010,notflip/0032,10,0,2,0.2587378858578607,0.2587378858578607,0.009074581786990166,0.782815158367157,0.05185995250940323,0.20857921242713928,0,1,0,0
testing/notflip/0033_000000025,notflip/0033,25,0,1,0.12104047020818377,0.12104047020818377,0.0037863512989133596,0.5877306461334229,0.010037110187113285,0.031737882643938065,0,1,0,0
testing/notflip/0033_000000027,notflip/0033,27,0,1,0.1198178391959799,0.1198178391959799,0.003406191011890769,0.5581259727478027,0.00971677340567112,0.020578822121024132,0,1,0,0
testing/notflip/0035_000000009,notflip/0035,9,0,2,0.2828540021536253,0.2828540021536253,0.0022798695135861635,0.7885206937789917,0.002295250305905938,0.1141512468457222,0,1,0,0
testing/notflip/0036_000000001,notflip/0036,1,0,2,0.2880473797559225,0.2880473797559225,0.014480527490377426,0.9849557280540466,0.5683274269104004,0.19237791001796722,0,1,1,0
testing/notflip/0036_000000004,notflip/0036,4,0,2,0.2878903445800431,0.2878903445800431,0.009597782045602798,0.9519609212875366,0.3636508584022522,0.2810153067111969,0,1,0,0
testing/notflip/0036_000000005,notflip/0036,5,0,2,0.28975233309404164,0.28975233309404164,0.004772302228957415,0.9558418989181519,0.10147789120674133,0.17839837074279785,0,1,0,0
testing/notflip/0036_000000014,notflip/0036,14,0,2,0.2758435032304379,0.2758435032304379,0.0018336235079914331,0.9538093209266663,0.1724986433982849,0.07507258653640747,0,1,0,0
testing/notflip/0036_000000020,notflip/0036,20,0,2,0.27285983488872934,0.27285983488872934,0.0031107142567634583,0.9849069118499756,0.2994438409805298,0.0534287765622139,0,1,0,0
testing/notflip/0036_000000025,notflip/0036,25,0,2,0.26866475233309406,0.26866475233309406,0.0035495394840836525,0.9890875816345215,0.3643202483654022,0.036368586122989655,0,1,0,0
testing/notflip/0036_000000028,notflip/0036,28,0,2,0.2655913496051687,0.2655913496051687,0.0047959089279174805,0.9890080690383911,0.39798861742019653,0.04383814334869385,0,1,0,0
testing/notflip/0036_000000030,notflip/0036,30,0,2,0.26771132447954055,0.26771132447954055,0.005545392166823149,0.9868800640106201,0.35461926460266113,0.048685844987630844,0,1,0,0
testing/notflip/0037_000000002,notflip/0037,2,0,1,0.13810122038765255,0.13810122038765255,0.0009756190702319145,0.9451444745063782,0.0037592498119920492,0.004003299865871668,0,1,0,0
testing/notflip/0037_000000004,notflip/0037,4,0,1,0.13204414931801867,0.13204414931801867,0.0010310560464859009,0.9413379430770874,0.0033288998529314995,0.0023593653459101915,0,1,0,0
testing/notflip/0037_000000007,notflip/0037,7,0,1,0.12741161162957645,0.12741161162957645,0.0012912416132166982,0.8457918167114258,0.004038559272885323,0.0032764985226094723,0,1,0,0
testing/notflip/0037_000000008,notflip/0037,8,0,1,0.12691807250538406,0.12691807250538406,0.0009637048351578414,0.7886965274810791,0.0024681929498910904,0.0017595632234588265,0,1,0,0
testing/notflip/0037_000000010,notflip/0037,10,0,1,0.12745647882268485,0.12745647882268485,0.0009949773084372282,0.7274578213691711,0.003008374711498618,0.0016394149279221892,0,1,0,0
testing/notflip/0037_000000014,notflip/0037,14,0,1,0.12701902368987797,0.12701902368987797,0.0008354794699698687,0.527332603931427,0.0019279115367680788,0.0012554964050650597,0,1,0,0
testing/notflip/0038_000000005,notflip/0038,5,0,1,0.20459440057430006,0.20459440057430006,0.016069455072283745,0.9041364789009094,0.19341617822647095,0.029778843745589256,0,1,0,0
testing/notflip/0038_000000008,notflip/0038,8,0,2,0.2918723079684135,0.2918723079684135,0.0038029728457331657,0.9134818315505981,0.024884222075343132,0.03397147357463837,0,1,0,0
testing/notflip/0038_000000009,notflip/0038,9,0,2,0.2922536791098349,0.2922536791098349,0.004177042283117771,0.9123548269271851,0.027163667604327202,0.07923907786607742,0,1,0,0
testing/notflip/0038_000000010,notflip/0038,10,0,2,0.2835157932519742,0.2835157932519742,0.004133977927267551,0.8684462308883667,0.021868279203772545,0.06724312156438828,0,1,0,0
testing/notflip/0038_000000011,notflip/0038,11,0,2,0.27652772792534097,0.27652772792534097,0.001548723434098065,0.7927921414375305,0.009642492048442364,0.022006915882229805,0,1,0,0
testing/notflip/0038_000000020,notflip/0038,20,0,1,0.12838747307968412,0.12838747307968412,0.0015995047288015485,0.7429714798927307,0.0014046329306438565,0.004797349683940411,0,1,0,0
testing/notflip/0038_000000022,notflip/0038,22,0,1,0.12916143216080403,0.12916143216080403,0.0010920771164819598,0.6783655285835266,0.0010502701625227928,0.0049748835153877735,0,1,0,0
testing/notflip/0038_000000023,notflip/0038,23,0,2,0.2492821249102656,0.2492821249102656,0.0012583252973854542,0.6800040602684021,0.004435582086443901,0.005833931267261505,0,1,0,0
testing/notflip/0039_000000003,notflip/0039,3,0,2,0.27252333094041636,0.27252333094041636,0.007535766810178757,0.9991752505302429,0.11729437112808228,0.044756799936294556,0,1,0,0
testing/notflip/0039_000000022,notflip/0039,22,0,1,0.1309224694903087,0.1309224694903087,0.007564128842204809,0.979462206363678,0.0028261221013963223,0.010339920409023762,0,1,0,0
testing/notflip/0039_000000026,notflip/0039,26,0,1,0.12966618808327351,0.12966618808327351,0.03132209554314613,0.9883719086647034,0.012289367616176605,0.03587676212191582,0,1,0,0
testing/notflip/0040_000000004,notflip/0040,4,0,2,0.27349919239052406,0.27349919239052406,0.008192085660994053,0.7288950681686401,0.004111807327717543,0.08003903180360794,0,1,0,0
testing/notflip/0040_000000005,notflip/0040,5,0,1,0.13437724335965542,0.13437724335965542,0.010883210226893425,0.6077645421028137,0.005330354440957308,0.029928134754300117,0,1,0,0
testing/notflip/0040_000000006,notflip/0040,6,0,1,0.13294149318018664,0.13294149318018664,0.004737538285553455,0.5142124891281128,0.001965189818292856,0.011302435770630836,0,1,0,0
testing/notflip/0040_000000007,notflip/0040,7,0,1,0.1308215183058148,0.1308215183058148,0.007229049690067768,0.6329763531684875,0.002952187554910779,0.01782969757914543,0,1,0,0
testing/notflip/0040_000000016,notflip/0040,16,0,1,0.13155061019382627,0.13155061019382627,0.0026296484284102917,0.5049801468849182,0.000844256195705384,0.00794423371553421,0,1,0,0
testing/notflip/0040_000000017,notflip/0040,17,0,1,0.13253768844221106,0.13253768844221106,0.0021819386165589094,0.665004551410675,0.0011226015631109476,0.0068964241072535515,0,1,0,0
testing/notflip/0040_000000018,notflip/0040,18,0,1,0.13288540918880115,0.13288540918880115,0.0022959220223128796,0.6927593946456909,0.001304822275415063,0.009599722921848297,0,1,0,0
testing/notflip/0041_000000001,notflip/0041,1,0,1,0.0781698671931084,0.0781698671931084,0.013503922149538994,0.9997745156288147,0.8771300911903381,0.7616350650787354,0,1,1,1
testing/notflip/0041_000000003,notflip/0041,3,0,1,0.0781474335965542,0.0781474335965542,0.013484529219567776,0.9997747540473938,0.8789293169975281,0.7499910593032837,0,1,1,1
testing/notflip/0041_000000006,notflip/0041,6,0,1,0.07843907035175879,0.07843907035175879,0.021024050191044807,0.9998169541358948,0.9164314270019531,0.7784539461135864,0,1,1,1
testing/notflip/0041_000000011,notflip/0041,11,0,1,0.07944858219669777,0.07944858219669777,0.016719771549105644,0.9999198913574219,0.9434217214584351,0.7090332508087158,0,1,1,1
testing/notflip/0041_000000014,notflip/0041,14,0,1,0.08032349246231156,0.08032349246231156,0.008282957598567009,0.9997493624687195,0.8742957711219788,0.5369728207588196,0,1,1,1
testing/notflip/0041_000000015,notflip/0041,15,0,1,0.08230886575735821,0.08230886575735821,0.012469379231333733,0.9997356534004211,0.9222963452339172,0.4372905194759369,0,1,1,0
testing/notflip/0041_000000021,notflip/0041,21,0,1,0.08070486360373295,0.08070486360373295,0.0035764160566031933,0.999702513217926,0.7144023776054382,0.04676181077957153,0,1,1,0
testing/notflip/0041_000000022,notflip/0041,22,0,1,0.08058147882268485,0.08058147882268485,0.0027598224114626646,0.9997071623802185,0.21547329425811768,0.03235842287540436,0,1,0,0
testing/notflip/0041_000000028,notflip/0041,28,0,1,0.08016645728643217,0.08016645728643217,0.002843788592144847,0.9995183944702148,0.18336299061775208,0.04520104080438614,0,1,0,0
testing/notflip/0041_000000034,notflip/0041,34,0,1,0.07899991026561379,0.07899991026561379,0.007604531012475491,0.9998348951339722,0.40031343698501587,0.13490290939807892,0,1,0,0
testing/notflip/0041_000000036,notflip/0041,36,0,1,0.07903356066044508,0.07903356066044508,0.00412748521193862,0.9997500777244568,0.15509331226348877,0.08025933057069778,0,1,0,0
testing/notflip/0042_000000001,notflip/0042,1,0,2,0.2184359296482412,0.2184359296482412,0.001496392535045743,0.9851522445678711,0.6276937127113342,0.17093171179294586,0,1,1,0
testing/notflip/0042_000000006,notflip/0042,6,0,1,0.08712087221823403,0.08712087221823403,0.00028124303207732737,0.7662644386291504,0.01550575066357851,0.003002008656039834,0,1,0,0
testing/notflip/0042_000000007,notflip/0042,7,0,1,0.08643664752333094,0.08643664752333094,0.0002706220548134297,0.7402312159538269,0.016943680122494698,0.004965804051607847,0,1,0,0
testing/notflip/0042_000000013,notflip/0042,13,0,1,0.08782753050969132,0.08782753050969132,0.00040974962757900357,0.9256193041801453,0.026386333629488945,0.009501841850578785,0,1,0,0
testing/notflip/0042_000000021,notflip/0042,21,0,1,0.08984655419956927,0.08984655419956927,0.0011777511099353433,0.9885538816452026,0.04221475496888161,0.026373498141765594,0,1,0,0
testing/notflip/0042_000000024,notflip/0042,24,0,1,0.09128230437903805,0.09128230437903805,0.004872424993664026,0.997983455657959,0.217681422829628,0.07476959377527237,0,1,0,0
testing/notflip/0042_000000027,notflip/0042,27,0,1,0.09103553481694185,0.09103553481694185,0.0457518994808197,0.9988527297973633,0.7643062472343445,0.4203658699989319,0,1,1,0
testing/notflip/0042_000000030,notflip/0042,30,0,1,0.09058686288585786,0.09058686288585786,0.4993220269680023,0.9995779395103455,0.9833388328552246,0.942025899887085,0,1,1,1
testing/notflip/0043_000000023,notflip/0043,23,0,1,0.08946518305814788,0.08946518305814788,0.00026101904222741723,0.7687548398971558,0.004713291302323341,0.0044158827513456345,0,1,0,0
testing/notflip/0043_000000024,notflip/0043,24,0,1,0.08940909906676238,0.08940909906676238,0.00018406182061880827,0.6881784796714783,0.002749162958934903,0.0022303147707134485,0,1,0,0
testing/notflip/0043_000000026,notflip/0043,26,0,1,0.09030644292893036,0.09030644292893036,0.00013957059127278626,0.6857065558433533,0.0032414570450782776,0.0016716952668502927,0,1,0,0
testing/notflip/0044_000000006,notflip/0044,6,0,1,0.09738424264178033,0.09738424264178033,0.0005555498064495623,0.8260035514831543,0.0981636568903923,0.030797405168414116,0,1,0,0
testing/notflip/0044_000000014,notflip/0044,14,0,1,0.09186557788944724,0.09186557788944724,0.0004486663674470037,0.5880337953567505,0.04509719833731651,0.028859471902251244,0,1,0,0
testing/notflip/0044_000000027,notflip/0044,27,0,1,0.09436692390524049,0.09436692390524049,0.004193391650915146,0.9194134473800659,0.3294678330421448,0.15085074305534363,0,1,0,0
testing/notflip/0045_000000005,notflip/0045,5,0,2,0.1978531048097631,0.1978531048097631,0.009731338359415531,0.9891858100891113,0.3362747132778168,0.02138436958193779,0,1,0,0
testing/notflip/0045_000000016,notflip/0045,16,0,1,0.08782753050969132,0.08782753050969132,0.0005660485476255417,0.543073296546936,0.02360575646162033,0.007850413210690022,0,1,0,0
testing/notflip/0045_000000018,notflip/0045,18,0,1,0.08817525125628141,0.08817525125628141,0.0008312738500535488,0.6246812343597412,0.02696634642779827,0.013177969492971897,0,1,0,0
testing/notflip/0045_000000022,notflip/0045,22,0,1,0.08739007537688442,0.08739007537688442,0.0008246031356975436,0.5681754350662231,0.019335847347974777,0.011348411440849304,0,1,0,0
testing/notflip/0045_000000026,notflip/0045,26,0,1,0.08762562814070352,0.08762562814070352,0.006533344741910696,0.9390976428985596,0.11048675328493118,0.09686707705259323,0,1,0,0
testing/notflip/0045_000000028,notflip/0045,28,0,1,0.08900529432878679,0.08900529432878679,0.04190083593130112,0.9849686622619629,0.4769637882709503,0.3245582580566406,0,1,0,0
testing/notflip/0045_000000030,notflip/0045,30,0,1,0.08908381191672649,0.08908381191672649,0.020100578665733337,0.9717185497283936,0.28214094042778015,0.15474236011505127,0,1,0,0
testing/notflip/0046_000000011,notflip/0046,11,0,1,0.08788361450107682,0.08788361450107682,0.004418843891471624,0.8894733190536499,0.11582699418067932,0.054754920303821564,0,1,0,0
testing/notflip/0046_000000012,notflip/0046,12,0,1,0.08716573941134242,0.08716573941134242,0.0052632782608270645,0.885711669921875,0.13534677028656006,0.06919026374816895,0,1,0,0
testing/notflip/0046_000000027,notflip/0046,27,0,1,0.09022792534099067,0.09022792534099067,0.006136777810752392,0.9087127447128296,0.1870276927947998,0.08658801019191742,0,1,0,0
testing/notflip/0046_000000028,notflip/0046,28,0,1,0.09036252692031586,0.09036252692031586,0.007208436727523804,0.9112091660499573,0.21243597567081451,0.10535348951816559,0,1,0,0
testing/notflip/0047_000000006,notflip/0047,6,0,2,0.20090407394113424,0.20090407394113424,0.02226879447698593,0.9989398121833801,0.9965211153030396,0.575141191482544,0,1,1,1
testing/notflip/0047_000000009,notflip/0047,9,0,2,0.1759915649676956,0.1759915649676956,0.0018687263363972306,0.9850732684135437,0.8216105699539185,0.04327983036637306,0,1,1,0
testing/notflip/0047_000000024,notflip/0047,24,0,1,0.08421572146446518,0.08421572146446518,0.0012066880008205771,0.9526970386505127,0.044239629060029984,0.0180976539850235,0,1,0,0
testing/notflip/0047_000000025,notflip/0047,25,0,1,0.083520279971285,0.083520279971285,0.0010417085140943527,0.9509980082511902,0.04161389172077179,0.014934461563825607,0,1,0,0
testing/notflip/0047_000000029,notflip/0047,29,0,1,0.08466439339554918,0.08466439339554918,0.0018768543377518654,0.9659422636032104,0.04598825424909592,0.02999134175479412,0,1,0,0
testing/notflip/0048_000000015,notflip/0048,15,0,1,0.08644786432160805,0.08644786432160805,0.0008500491385348141,0.7262086272239685,0.030123170465230942,0.0097963847219944,0,1,0,0
testing/notflip/0048_000000025,notflip/0048,25,0,1,0.08726669059583632,0.08726669059583632,0.0030856234952807426,0.9075648188591003,0.14413732290267944,0.04089123755693436,0,1,0,0
testing/notflip/0048_000000026,notflip/0048,26,0,1,0.08741250897343862,0.08741250897343862,0.0019970510620623827,0.8843913674354553,0.0754174068570137,0.026269087567925453,0,1,0,0
testing/notflip/0048_000000030,notflip/0048,30,0,1,0.08789483129935391,0.08789483129935391,0.002627389505505562,0.8227724432945251,0.07101516425609589,0.04269177466630936,0,1,0,0
testing/notflip/0049_000000006,notflip/0049,6,0,1,0.0832622936109117,0.0832622936109117,0.0010049149859696627,0.8747463822364807,0.034675270318984985,0.015219513326883316,0,1,0,0
testing/notflip/0049_000000011,notflip/0049,11,0,1,0.0834978463747308,0.0834978463747308,0.0033559147268533707,0.9617497324943542,0.17533385753631592,0.052112746983766556,0,1,0,0
testing/notflip/0049_000000012,notflip/0049,12,0,1,0.08347541277817659,0.08347541277817659,0.004484779201447964,0.9751213192939758,0.1560983806848526,0.05402879789471626,0,1,0,0
testing/notflip/0049_000000018,notflip/0049,18,0,1,0.08484386216798277,0.08484386216798277,0.004790311213582754,0.9804410934448242,0.4044005274772644,0.08464362472295761,0,1,0,0
testing/notflip/0049_000000022,notflip/0049,22,0,1,0.08527010050251256,0.08527010050251256,0.01543432381004095,0.9945793151855469,0.5868306756019592,0.22063221037387848,0,1,1,0
testing/notflip/0049_000000026,notflip/0049,26,0,1,0.08409233668341709,0.08409233668341709,0.009104417636990547,0.9939490556716919,0.4717600643634796,0.15843065083026886,0,1,0,0
testing/notflip/0049_000000028,notflip/0049,28,0,1,0.08400260229720029,0.08400260229720029,0.013917985372245312,0.9943934679031372,0.5132325291633606,0.12032568454742432,0,1,1,0
testing/notflip/0050_000000011,notflip/0050,11,0,2,0.1814204953338119,0.1814204953338119,0.0008164999890141189,0.9117845296859741,0.9390351176261902,0.14561419188976288,0,1,1,0
testing/notflip/0050_000000013,notflip/0050,13,0,1,0.08926328068916009,0.08926328068916009,0.0006195182795636356,0.8682804107666016,0.063348188996315,0.012260477989912033,0,1,0,0
testing/notflip/0051_000000002,notflip/0051,2,0,1,0.07099111629576453,0.07099111629576453,0.00024808529997244477,0.619996190071106,0.008783799596130848,0.005522616673260927,0,1,0,0
testing/notflip/0051_000000012,notflip/0051,12,0,1,0.07315595836324479,0.07315595836324479,0.0006665828404948115,0.9053725600242615,0.028287867084145546,0.02578003704547882,0,1,0,0
testing/notflip/0051_000000025,notflip/0051,25,0,1,0.0729204055994257,0.0729204055994257,0.007559218909591436,0.9861094355583191,0.2462531328201294,0.09358341246843338,0,1,0,0
testing/notflip/0052_000000006,notflip/0052,6,0,1,0.07504038047379756,0.07504038047379756,0.0007984027033671737,0.9100455641746521,0.02266887202858925,0.009329692460596561,0,1,0,0
testing/notflip/0052_000000014,notflip/0052,14,0,1,0.072841888011486,0.072841888011486,0.002450527623295784,0.9594536423683167,0.03599952533841133,0.03256883844733238,0,1,0,0
testing/notflip/0052_000000022,notflip/0052,22,0,1,0.07444589016511127,0.07444589016511127,0.005624842830002308,0.9855619072914124,0.05814027413725853,0.11539435386657715,0,1,0,0
testing/notflip/0052_000000029,notflip/0052,29,0,1,0.07424398779612347,0.07424398779612347,0.008026047609746456,0.9697290062904358,0.09394659847021103,0.1575419008731842,0,1,0,0
testing/notflip/0053_000000001,notflip/0053,1,0,2,0.19378140703517588,0.19378140703517588,0.0063601103611290455,0.9795103669166565,0.17977744340896606,0.015084439888596535,0,1,0,0
testing/notflip/0053_000000008,notflip/0053,8,0,1,0.07139492103374014,0.07139492103374014,0.0005484079010784626,0.6727548241615295,0.012408764101564884,0.010055254213511944,0,1,0,0
testing/notflip/0053_000000011,notflip/0053,11,0,1,0.07154073941134242,0.07154073941134242,0.00045208135270513594,0.7479991912841797,0.00864536315202713,0.008546184748411179,0,1,0,0
testing/notflip/0053_000000016,notflip/0053,16,0,1,0.07161925699928212,0.07161925699928212,0.0013777430867776275,0.9179965853691101,0.03131307661533356,0.02890440821647644,0,1,0,0
testing/notflip/0053_000000017,notflip/0053,17,0,1,0.07182115936826992,0.07182115936826992,0.0028127103578299284,0.9606685638427734,0.04420778527855873,0.04233703017234802,0,1,0,0
testing/notflip/0053_000000025,notflip/0053,25,0,1,0.07214644651830582,0.07214644651830582,0.005557994358241558,0.9854797720909119,0.062264807522296906,0.045013245195150375,0,1,0,0
testing/notflip/0054_000000010,notflip/0054,10,0,2,0.20987751256281406,0.20987751256281406,0.00035368077806197107,0.41699472069740295,0.8533052206039429,0.1129990965127945,0,0,1,0
testing/notflip/0054_000000023,notflip/0054,23,0,1,0.09663271715721465,0.09663271715721465,0.0015195929445326328,0.7589894533157349,0.030007796362042427,0.015888875350356102,0,1,0,0
testing/notflip/0054_000000027,notflip/0054,27,0,1,0.09556712132089017,0.09556712132089017,0.0013935407623648643,0.8079696297645569,0.029112590476870537,0.01797696389257908,0,1,0,0
testing/notflip/0055_000000012,notflip/0055,12,0,1,0.08793969849246232,0.08793969849246232,0.001774876844137907,0.9227723479270935,0.07069134712219238,0.07014769315719604,0,1,0,0
testing/notflip/0055_000000013,notflip/0055,13,0,1,0.08776022972002871,0.08776022972002871,0.0013543294044211507,0.917213499546051,0.053464096039533615,0.04577508568763733,0,1,0,0
testing/notflip/0055_000000016,notflip/0055,16,0,1,0.08726669059583632,0.08726669059583632,0.0023732087574899197,0.9566992521286011,0.05221053957939148,0.08077605068683624,0,1,0,0
testing/notflip/0056_000000013,notflip/0056,13,0,1,0.09158515793251974,0.09158515793251974,0.0006681917584501207,0.6388772130012512,0.01296105608344078,0.0047337980940938,0,1,0,0
testing/notflip/0056_000000022,notflip/0056,22,0,1,0.09047469490308686,0.09047469490308686,0.001547915511764586,0.9054911732673645,0.03480251505970955,0.0021316215861588717,0,1,0,0
testing/notflip/0056_000000024,notflip/0056,24,0,1,0.09106918521177315,0.09106918521177315,0.0029948498122394085,0.9296659231185913,0.0845896303653717,0.006797412410378456,0,1,0,0
testing/notflip/0056_000000027,notflip/0056,27,0,1,0.09068781407035176,0.09068781407035176,0.005612954962998629,0.9775753021240234,0.1276898831129074,0.012292243540287018,0,1,0,0
testing/notflip/0057_000000003,notflip/0057,3,0,1,0.08754711055276382,0.08754711055276382,0.0024577348958700895,0.9556360840797424,0.15272177755832672,0.06241794303059578,0,1,0,0
testing/notflip/0057_000000007,notflip/0057,7,0,1,0.08739007537688442,0.08739007537688442,0.0044724163599312305,0.9686452150344849,0.1577749103307724,0.13747844099998474,0,1,0,0
testing/notflip/0057_000000012,notflip/0057,12,0,1,0.0885117552045944,0.0885117552045944,0.003234553150832653,0.9487438201904297,0.10469123721122742,0.11292356997728348,0,1,0,0
testing/notflip/0057_000000023,notflip/0057,23,0,1,0.09125987078248385,0.09125987078248385,0.006442059762775898,0.9881834387779236,0.22681759297847748,0.1697942465543747,0,1,0,0
testing/notflip/0057_000000027,notflip/0057,27,0,1,0.09129352117731515,0.09129352117731515,0.004848408978432417,0.9775591492652893,0.19439798593521118,0.07931498438119888,0,1,0,0
testing/notflip/0058_000000002,notflip/0058,2,0,2,0.19204280330222542,0.19204280330222542,0.0975654348731041,0.999508261680603,0.03564492613077164,0.11822773516178131,0,1,0,0
testing/notflip/0058_000000004,notflip/0058,4,0,2,0.20036566762383345,0.20036566762383345,0.034164004027843475,0.9997993111610413,0.3698813319206238,0.0427543967962265,0,1,0,0
testing/notflip/0058_000000013,notflip/0058,13,0,1,0.08527010050251256,0.08527010050251256,0.02448265440762043,0.9874672293663025,0.22766412794589996,0.23126661777496338,0,1,0,0
testing/notflip/0058_000000018,notflip/0058,18,0,1,0.08468682699210338,0.08468682699210338,0.019385209307074547,0.9851227402687073,0.24571621417999268,0.20210875570774078,0,1,0,0
testing/notflip/0058_000000020,notflip/0058,20,0,1,0.08515793251974156,0.08515793251974156,0.020811334252357483,0.9863459467887878,0.26574233174324036,0.16175876557826996,0,1,0,0
testing/notflip/0058_000000021,notflip/0058,21,0,1,0.08460830940416368,0.08460830940416368,0.02683447301387787,0.985171914100647,0.3283362090587616,0.17655950784683228,0,1,0,0
testing/notflip/0058_000000025,notflip/0058,25,0,1,0.08496724694903086,0.08496724694903086,0.0269254632294178,0.9903870224952698,0.3232082724571228,0.20656198263168335,0,1,0,0
