sample_id,role_detail,environment_id,label,video_id,frame_number,supplied_split
testing/flip/0047_000000015,heldout_environment_earlier_context,ENV-03,flip,flip/0047,15,testing
testing/flip/0046_000000012,heldout_environment_earlier_context,ENV-03,flip,flip/0046,12,testing
training/flip/0040_000000006,heldout_environment_earlier_context,ENV-03,flip,flip/0040,6,training
training/flip/0044_000000018,heldout_environment_earlier_context,ENV-03,flip,flip/0044,18,training
training/flip/0044_000000016,heldout_environment_earlier_context,ENV-03,flip,flip/0044,16,training
testing/flip/0046_000000019,heldout_environment_earlier_context,ENV-03,flip,flip/0046,19,testing
training/flip/0038_000000038,heldout_environment_earlier_context,ENV-03,flip,flip/0038,38,training
training/flip/0047_000000016,heldout_environment_earlier_context,ENV-03,flip,flip/0047,16,training
training/flip/0044_000000014,heldout_environment_earlier_context,ENV-03,flip,flip/0044,14,training
training/flip/0037_000000007,heldout_environment_earlier_context,ENV-03,flip,flip/0037,7,training
training/flip/0043_000000016,heldout_environment_earlier_context,ENV-03,flip,flip/0043,16,training
training/flip/0037_000000015,heldout_environment_earlier_context,ENV-03,flip,flip/0037,15,training
training/flip/0048_000000022,heldout_environment_earlier_context,ENV-03,flip,flip/0048,22,training
training/notflip/0031_000000021,heldout_environment_earlier_context,ENV-03,notflip,notflip/0031,21,training
testing/notflip/0040_000000018,heldout_environment_earlier_context,ENV-03,notflip,notflip/0040,18,testing
training/notflip/0027_000000007,heldout_environment_earlier_context,ENV-03,notflip,notflip/0027,7,training
training/notflip/0028_000000007,heldout_environment_earlier_context,ENV-03,notflip,notflip/0028,7,training
training/notflip/0035_000000006,heldout_environment_earlier_context,ENV-03,notflip,notflip/0035,6,training
training/notflip/0036_000000002,heldout_environment_earlier_context,ENV-03,notflip,notflip/0036,2,training
training/notflip/0031_000000009,heldout_environment_earlier_context,ENV-03,notflip,notflip/0031,9,training
training/notflip/0031_000000005,heldout_environment_earlier_context,ENV-03,notflip,notflip/0031,5,training
training/notflip/0037_000000017,heldout_environment_earlier_context,ENV-03,notflip,notflip/0037,17,training
training/notflip/0040_000000023,heldout_environment_earlier_context,ENV-03,notflip,notflip/0040,23,training
training/notflip/0040_000000008,heldout_environment_earlier_context,ENV-03,notflip,notflip/0040,8,training
training/notflip/0033_000000017,heldout_environment_earlier_context,ENV-03,notflip,notflip/0033,17,training
training/notflip/0035_000000002,heldout_environment_earlier_context,ENV-03,notflip,notflip/0035,2,training
training/flip/0004_000000028,known_environment_later_context,ENV-01,flip,flip/0004,28,training
training/flip/0009_000000027,known_environment_later_context,ENV-01,flip,flip/0009,27,training
training/flip/0009_000000024,known_environment_later_context,ENV-01,flip,flip/0009,24,training
training/flip/0008_000000025,known_environment_later_context,ENV-01,flip,flip/0008,25,training
training/flip/0010_000000025,known_environment_later_context,ENV-01,flip,flip/0010,25,training
training/flip/0010_000000028,known_environment_later_context,ENV-01,flip,flip/0010,28,training
training/flip/0004_000000026,known_environment_later_context,ENV-01,flip,flip/0004,26,training
training/flip/0010_000000027,known_environment_later_context,ENV-01,flip,flip/0010,27,training
training/flip/0001_000000025,known_environment_later_context,ENV-01,flip,flip/0001,25,training
training/flip/0007_000000026,known_environment_later_context,ENV-01,flip,flip/0007,26,training
training/flip/0001_000000024,known_environment_later_context,ENV-01,flip,flip/0001,24,training
training/flip/0006_000000029,known_environment_later_context,ENV-01,flip,flip/0006,29,training
training/flip/0007_000000027,known_environment_later_context,ENV-01,flip,flip/0007,27,training
testing/notflip/0002_000000028,known_environment_later_context,ENV-01,notflip,notflip/0002,28,testing
training/notflip/0004_000000032,known_environment_later_context,ENV-01,notflip,notflip/0004,32,training
testing/notflip/0006_000000028,known_environment_later_context,ENV-01,notflip,notflip/0006,28,testing
testing/notflip/0003_000000030,known_environment_later_context,ENV-01,notflip,notflip/0003,30,testing
training/notflip/0008_000000029,known_environment_later_context,ENV-01,notflip,notflip/0008,29,training
training/notflip/0010_000000029,known_environment_later_context,ENV-01,notflip,notflip/0010,29,training
training/notflip/0010_000000025,known_environment_later_context,ENV-01,notflip,notflip/0010,25,training
training/notflip/0002_000000025,known_environment_later_context,ENV-01,notflip,notflip/0002,25,training
training/notflip/0003_000000027,known_environment_later_context,ENV-01,notflip,notflip/0003,27,training
training/notflip/0005_000000028,known_environment_later_context,ENV-01,notflip,notflip/0005,28,training
training/notflip/0010_000000027,known_environment_later_context,ENV-01,notflip,notflip/0010,27,training
training/notflip/0010_000000028,known_environment_later_context,ENV-01,notflip,notflip/0010,28,training
training/notflip/0005_000000030,known_environment_later_context,ENV-01,notflip,notflip/0005,30,training
training/flip/0015_000000027,known_environment_later_context,ENV-02,flip,flip/0015,27,training
training/flip/0030_000000035,known_environment_later_context,ENV-02,flip,flip/0030,35,training
training/flip/0021_000000026,known_environment_later_context,ENV-02,flip,flip/0021,26,training
testing/flip/0020_000000020,known_environment_later_context,ENV-02,flip,flip/0020,20,testing
training/flip/0019_000000029,known_environment_later_context,ENV-02,flip,flip/0019,29,training
training/flip/0024_000000027,known_environment_later_context,ENV-02,flip,flip/0024,27,training
training/flip/0027_000000020,known_environment_later_context,ENV-02,flip,flip/0027,20,training
training/flip/0018_000000025,known_environment_later_context,ENV-02,flip,flip/0018,25,training
training/flip/0029_000000026,known_environment_later_context,ENV-02,flip,flip/0029,26,training
training/flip/0020_000000021,known_environment_later_context,ENV-02,flip,flip/0020,21,training
testing/flip/0015_000000029,known_environment_later_context,ENV-02,flip,flip/0015,29,testing
training/flip/0011_000000029,known_environment_later_context,ENV-02,flip,flip/0011,29,training
testing/notflip/0016_000000025,known_environment_later_context,ENV-02,notflip,notflip/0016,25,testing
training/notflip/0025_000000030,known_environment_later_context,ENV-02,notflip,notflip/0025,30,training
testing/notflip/0024_000000025,known_environment_later_context,ENV-02,notflip,notflip/0024,25,testing
training/notflip/0023_000000027,known_environment_later_context,ENV-02,notflip,notflip/0023,27,training
training/notflip/0026_000000030,known_environment_later_context,ENV-02,notflip,notflip/0026,30,training
training/notflip/0016_000000024,known_environment_later_context,ENV-02,notflip,notflip/0016,24,training
training/notflip/0025_000000029,known_environment_later_context,ENV-02,notflip,notflip/0025,29,training
training/notflip/0019_000000028,known_environment_later_context,ENV-02,notflip,notflip/0019,28,training
training/notflip/0024_000000028,known_environment_later_context,ENV-02,notflip,notflip/0024,28,training
training/notflip/0023_000000025,known_environment_later_context,ENV-02,notflip,notflip/0023,25,training
training/notflip/0025_000000028,known_environment_later_context,ENV-02,notflip,notflip/0025,28,training
training/notflip/0015_000000028,known_environment_later_context,ENV-02,notflip,notflip/0015,28,training
training/flip/0058_000000024,known_environment_later_context,ENV-04,flip,flip/0058,24,training
testing/flip/0059_000000028,known_environment_later_context,ENV-04,flip,flip/0059,28,testing
training/flip/0055_000000030,known_environment_later_context,ENV-04,flip,flip/0055,30,training
training/flip/0052_000000026,known_environment_later_context,ENV-04,flip,flip/0052,26,training
training/flip/0058_000000025,known_environment_later_context,ENV-04,flip,flip/0058,25,training
training/flip/0052_000000028,known_environment_later_context,ENV-04,flip,flip/0052,28,training
training/flip/0060_000000054,known_environment_later_context,ENV-04,flip,flip/0060,54,training
training/flip/0064_000000029,known_environment_later_context,ENV-04,flip,flip/0064,29,training
training/flip/0056_000000028,known_environment_later_context,ENV-04,flip,flip/0056,28,training
training/flip/0051_000000024,known_environment_later_context,ENV-04,flip,flip/0051,24,training
training/flip/0049_000000030,known_environment_later_context,ENV-04,flip,flip/0049,30,training
training/flip/0053_000000027,known_environment_later_context,ENV-04,flip,flip/0053,27,training
training/notflip/0055_000000030,known_environment_later_context,ENV-04,notflip,notflip/0055,30,training
training/notflip/0051_000000026,known_environment_later_context,ENV-04,notflip,notflip/0051,26,training
training/notflip/0046_000000026,known_environment_later_context,ENV-04,notflip,notflip/0046,26,training
training/notflip/0044_000000028,known_environment_later_context,ENV-04,notflip,notflip/0044,28,training
training/notflip/0056_000000026,known_environment_later_context,ENV-04,notflip,notflip/0056,26,training
training/notflip/0048_000000028,known_environment_later_context,ENV-04,notflip,notflip/0048,28,training
testing/notflip/0049_000000026,known_environment_later_context,ENV-04,notflip,notflip/0049,26,testing
training/notflip/0055_000000027,known_environment_later_context,ENV-04,notflip,notflip/0055,27,training
training/notflip/0055_000000029,known_environment_later_context,ENV-04,notflip,notflip/0055,29,training
training/notflip/0056_000000030,known_environment_later_context,ENV-04,notflip,notflip/0056,30,training
training/notflip/0043_000000029,known_environment_later_context,ENV-04,notflip,notflip/0043,29,training
training/notflip/0045_000000029,known_environment_later_context,ENV-04,notflip,notflip/0045,29,training
