kind,sample_id,video_id,frame_number,y_true,prob_flip,y_pred,priority
false_negative,testing/flip/0041_000000010,flip/0041,10,1,0.042028576135635376,0,0.9579714238643646
low_confidence_correct,testing/notflip/0042_000000030,notflip/0042,30,0,0.499321848154068,0,-0.0006781518459320068
low_confidence_correct,testing/flip/0060_000000055,flip/0060,55,1,0.6569206714630127,1,-0.1569206714630127
low_confidence_correct,testing/flip/0036_000000007,flip/0036,7,1,0.7860092520713806,1,-0.2860092520713806
low_confidence_correct,testing/flip/0036_000000008,flip/0036,8,1,0.8037952184677124,1,-0.3037952184677124
low_confidence_correct,testing/notflip/0003_000000030,notflip/0003,30,0,0.12263564765453339,0,-0.3773643523454666
low_confidence_correct,testing/flip/0041_000000018,flip/0041,18,1,0.8842179775238037,1,-0.3842179775238037
low_confidence_correct,testing/notflip/0016_000000023,notflip/0016,23,0,0.11342180520296097,0,-0.38657819479703903
low_confidence_correct,testing/flip/0065_000000001,flip/0065,1,1,0.8867394924163818,1,-0.38673949241638184
low_confidence_correct,testing/notflip/0016_000000014,notflip/0016,14,0,0.10887114703655243,0,-0.39112885296344757
low_confidence_correct,testing/flip/0041_000000019,flip/0041,19,1,0.89410799741745,1,-0.39410799741744995
low_confidence_correct,testing/flip/0006_000000030,flip/0006,30,1,0.8950165510177612,1,-0.39501655101776123
low_confidence_correct,testing/notflip/0058_000000002,notflip/0058,2,0,0.09756557643413544,0,-0.40243442356586456
low_confidence_correct,testing/flip/0042_000000002,flip/0042,2,1,0.9025444984436035,1,-0.4025444984436035
low_confidence_correct,testing/flip/0036_000000009,flip/0036,9,1,0.9082561135292053,1,-0.4082561135292053
low_confidence_correct,testing/notflip/0016_000000025,notflip/0016,25,0,0.08819132298231125,0,-0.41180867701768875
low_confidence_correct,testing/notflip/0001_000000024,notflip/0001,24,0,0.0759536400437355,0,-0.4240463599562645
low_confidence_correct,testing/notflip/0016_000000020,notflip/0016,20,0,0.07403066754341125,0,-0.42596933245658875
low_confidence_correct,testing/notflip/0004_000000020,notflip/0004,20,0,0.06602644175291061,0,-0.4339735582470894
low_confidence_correct,testing/notflip/0029_000000005,notflip/0029,5,0,0.06324353069067001,0,-0.43675646930933
low_confidence_correct,testing/notflip/0029_000000003,notflip/0029,3,0,0.06288041174411774,0,-0.43711958825588226
