sample_id,video_id,frame_number,y_true,prob_flip,y_pred
training/flip/0034_000000025,flip/0034,25,1,0.9479281902313232,1
training/flip/0034_000000026,flip/0034,26,1,0.9356397390365601,1
training/flip/0034_000000027,flip/0034,27,1,0.9668156504631042,1
training/flip/0035_000000019,flip/0035,19,1,0.9999978542327881,1
training/flip/0035_000000020,flip/0035,20,1,0.9999477863311768,1
training/flip/0035_000000021,flip/0035,21,1,0.9998766183853149,1
training/flip/0035_000000022,flip/0035,22,1,0.993681788444519,1
training/flip/0036_000000023,flip/0036,23,1,0.9999990463256836,1
testing/flip/0036_000000024,flip/0036,24,1,0.9999998807907104,1
training/flip/0036_000000025,flip/0036,25,1,0.9999997615814209,1
training/flip/0036_000000026,flip/0036,26,1,0.9999966621398926,1
training/flip/0036_000000027,flip/0036,27,1,0.9998568296432495,1
training/flip/0037_000000022,flip/0037,22,1,0.9998143315315247,1
training/flip/0037_000000023,flip/0037,23,1,0.9949561953544617,1
testing/flip/0037_000000024,flip/0037,24,1,0.9676676392555237,1
training/flip/0037_000000025,flip/0037,25,1,0.7520195245742798,1
training/flip/0037_000000026,flip/0037,26,1,0.939404308795929,1
training/flip/0037_000000027,flip/0037,27,1,0.9592499136924744,1
training/flip/0038_000000040,flip/0038,40,1,1.0,1
training/flip/0038_000000041,flip/0038,41,1,1.0,1
training/flip/0038_000000042,flip/0038,42,1,1.0,1
testing/flip/0038_000000043,flip/0038,43,1,1.0,1
testing/flip/0038_000000044,flip/0038,44,1,1.0,1
training/flip/0038_000000045,flip/0038,45,1,1.0,1
training/flip/0038_000000046,flip/0038,46,1,1.0,1
testing/flip/0038_000000047,flip/0038,47,1,0.9999997615814209,1
testing/flip/0038_000000048,flip/0038,48,1,0.999997615814209,1
training/flip/0038_000000049,flip/0038,49,1,0.9994086027145386,1
training/flip/0039_000000024,flip/0039,24,1,0.9989131689071655,1
training/flip/0039_000000025,flip/0039,25,1,0.996469259262085,1
training/flip/0039_000000026,flip/0039,26,1,0.8425688743591309,1
training/flip/0039_000000027,flip/0039,27,1,0.6126035451889038,1
training/flip/0039_000000028,flip/0039,28,1,0.3576357960700989,0
training/flip/0040_000000026,flip/0040,26,1,0.9999991655349731,1
training/flip/0040_000000027,flip/0040,27,1,0.9999533891677856,1
testing/flip/0040_000000028,flip/0040,28,1,0.9998226761817932,1
training/flip/0040_000000029,flip/0040,29,1,0.9996242523193359,1
training/flip/0040_000000030,flip/0040,30,1,0.9994586110115051,1
training/flip/0041_000000026,flip/0041,26,1,0.9877925515174866,1
testing/flip/0041_000000027,flip/0041,27,1,0.9236006140708923,1
training/flip/0041_000000028,flip/0041,28,1,0.894542396068573,1
training/flip/0041_000000029,flip/0041,29,1,0.8044913411140442,1
training/flip/0042_000000025,flip/0042,25,1,0.9985210299491882,1
training/flip/0042_000000026,flip/0042,26,1,0.9993612170219421,1
testing/flip/0042_000000027,flip/0042,27,1,0.9983829259872437,1
training/flip/0042_000000028,flip/0042,28,1,0.9892519116401672,1
training/flip/0042_000000029,flip/0042,29,1,0.9888961315155029,1
training/flip/0042_000000030,flip/0042,30,1,0.9116834402084351,1
testing/flip/0043_000000023,flip/0043,23,1,0.9213955402374268,1
training/flip/0043_000000024,flip/0043,24,1,0.9263904094696045,1
testing/flip/0044_000000024,flip/0044,24,1,0.951099157333374,1
testing/flip/0044_000000025,flip/0044,25,1,0.6869982481002808,1
training/flip/0044_000000026,flip/0044,26,1,0.4030618667602539,0
training/flip/0044_000000027,flip/0044,27,1,0.09418066591024399,0
training/flip/0044_000000028,flip/0044,28,1,0.08414585143327713,0
training/flip/0044_000000029,flip/0044,29,1,0.012808455154299736,0
training/flip/0045_000000026,flip/0045,26,1,0.9996674060821533,1
testing/flip/0045_000000027,flip/0045,27,1,0.9976092576980591,1
training/flip/0045_000000028,flip/0045,28,1,0.9984629154205322,1
training/flip/0045_000000029,flip/0045,29,1,0.997800886631012,1
training/flip/0045_000000030,flip/0045,30,1,0.9947566986083984,1
testing/flip/0046_000000023,flip/0046,23,1,0.9293157458305359,1
training/flip/0046_000000024,flip/0046,24,1,0.812216579914093,1
testing/flip/0046_000000025,flip/0046,25,1,0.31980273127555847,0
training/flip/0046_000000026,flip/0046,26,1,0.10293054580688477,0
training/flip/0046_000000027,flip/0046,27,1,0.012648753821849823,0
testing/flip/0047_000000026,flip/0047,26,1,0.9996994733810425,1
training/flip/0047_000000027,flip/0047,27,1,0.9989622831344604,1
training/flip/0047_000000028,flip/0047,28,1,0.9989564418792725,1
training/flip/0047_000000029,flip/0047,29,1,0.9943236112594604,1
training/flip/0047_000000030,flip/0047,30,1,0.9977487921714783,1
training/flip/0048_000000026,flip/0048,26,1,0.9999998807907104,1
training/flip/0048_000000027,flip/0048,27,1,1.0,1
training/flip/0048_000000028,flip/0048,28,1,0.9999995231628418,1
training/flip/0048_000000029,flip/0048,29,1,0.9999475479125977,1
training/flip/0048_000000030,flip/0048,30,1,0.9973938465118408,1
training/notflip/0027_000000025,notflip/0027,25,0,0.015662098303437233,0
training/notflip/0027_000000026,notflip/0027,26,0,0.0659230574965477,0
training/notflip/0027_000000027,notflip/0027,27,0,0.2203681915998459,0
training/notflip/0027_000000028,notflip/0027,28,0,0.24714665114879608,0
training/notflip/0027_000000029,notflip/0027,29,0,0.23075200617313385,0
training/notflip/0027_000000030,notflip/0027,30,0,0.10934871435165405,0
training/notflip/0028_000000025,notflip/0028,25,0,0.1190120056271553,0
training/notflip/0028_000000026,notflip/0028,26,0,0.04762076586484909,0
training/notflip/0028_000000027,notflip/0028,27,0,0.09991398453712463,0
training/notflip/0028_000000028,notflip/0028,28,0,0.2847887873649597,0
training/notflip/0028_000000029,notflip/0028,29,0,0.6752898693084717,1
training/notflip/0028_000000030,notflip/0028,30,0,0.7928757667541504,1
testing/notflip/0029_000000025,notflip/0029,25,0,0.775740921497345,1
training/notflip/0029_000000026,notflip/0029,26,0,0.7238579988479614,1
training/notflip/0029_000000027,notflip/0029,27,0,0.7385882139205933,1
training/notflip/0029_000000028,notflip/0029,28,0,0.7376892566680908,1
training/notflip/0029_000000029,notflip/0029,29,0,0.7333119511604309,1
training/notflip/0029_000000030,notflip/0029,30,0,0.7768361568450928,1
training/notflip/0030_000000025,notflip/0030,25,0,0.009058700874447823,0
training/notflip/0030_000000026,notflip/0030,26,0,0.05877726897597313,0
training/notflip/0030_000000027,notflip/0030,27,0,0.022796425968408585,0
testing/notflip/0030_000000028,notflip/0030,28,0,0.08096849173307419,0
training/notflip/0030_000000029,notflip/0030,29,0,0.23332373797893524,0
training/notflip/0030_000000030,notflip/0030,30,0,0.20959484577178955,0
training/notflip/0031_000000025,notflip/0031,25,0,0.966444194316864,1
training/notflip/0031_000000026,notflip/0031,26,0,0.969475269317627,1
training/notflip/0031_000000027,notflip/0031,27,0,0.9626054763793945,1
training/notflip/0031_000000028,notflip/0031,28,0,0.9562826752662659,1
training/notflip/0031_000000029,notflip/0031,29,0,0.8784977197647095,1
training/notflip/0031_000000030,notflip/0031,30,0,0.8726742267608643,1
training/notflip/0032_000000025,notflip/0032,25,0,0.0025820841547101736,0
training/notflip/0032_000000026,notflip/0032,26,0,0.0022891859989613295,0
training/notflip/0032_000000027,notflip/0032,27,0,0.0012361158151179552,0
training/notflip/0032_000000028,notflip/0032,28,0,0.00106437795329839,0
testing/notflip/0032_000000029,notflip/0032,29,0,0.0017070246394723654,0
training/notflip/0032_000000030,notflip/0032,30,0,0.013685512356460094,0
testing/notflip/0033_000000025,notflip/0033,25,0,0.1096448227763176,0
training/notflip/0033_000000026,notflip/0033,26,0,0.14104077219963074,0
testing/notflip/0033_000000027,notflip/0033,27,0,0.16382291913032532,0
training/notflip/0033_000000028,notflip/0033,28,0,0.3352793753147125,0
training/notflip/0033_000000029,notflip/0033,29,0,0.6557894349098206,1
training/notflip/0033_000000030,notflip/0033,30,0,0.6965515613555908,1
testing/notflip/0034_000000025,notflip/0034,25,0,0.02626298926770687,0
training/notflip/0034_000000026,notflip/0034,26,0,0.04716647416353226,0
training/notflip/0034_000000027,notflip/0034,27,0,0.04074619710445404,0
training/notflip/0034_000000028,notflip/0034,28,0,0.02896323800086975,0
training/notflip/0034_000000029,notflip/0034,29,0,0.01023192796856165,0
testing/notflip/0034_000000030,notflip/0034,30,0,0.020962802693247795,0
testing/notflip/0035_000000026,notflip/0035,26,0,0.03218713402748108,0
training/notflip/0035_000000027,notflip/0035,27,0,0.07503120601177216,0
training/notflip/0035_000000028,notflip/0035,28,0,0.0786750391125679,0
training/notflip/0035_000000029,notflip/0035,29,0,0.277631551027298,0
training/notflip/0035_000000030,notflip/0035,30,0,0.23810184001922607,0
training/notflip/0035_000000031,notflip/0035,31,0,0.18320032954216003,0
training/notflip/0035_000000032,notflip/0035,32,0,0.5122171640396118,1
testing/notflip/0036_000000025,notflip/0036,25,0,0.601792573928833,1
training/notflip/0036_000000026,notflip/0036,26,0,0.6500890851020813,1
training/notflip/0036_000000027,notflip/0036,27,0,0.6115674376487732,1
testing/notflip/0036_000000028,notflip/0036,28,0,0.4112319052219391,0
training/notflip/0036_000000029,notflip/0036,29,0,0.4384233355522156,0
testing/notflip/0036_000000030,notflip/0036,30,0,0.5236781239509583,1
testing/notflip/0037_000000025,notflip/0037,25,0,0.5973592400550842,1
training/notflip/0037_000000026,notflip/0037,26,0,0.6959481239318848,1
training/notflip/0037_000000027,notflip/0037,27,0,0.7533340454101562,1
testing/notflip/0037_000000028,notflip/0037,28,0,0.6860440373420715,1
training/notflip/0037_000000029,notflip/0037,29,0,0.7097429037094116,1
training/notflip/0037_000000030,notflip/0037,30,0,0.8821117281913757,1
training/notflip/0038_000000025,notflip/0038,25,0,0.7542173862457275,1
training/notflip/0038_000000026,notflip/0038,26,0,0.7813817262649536,1
training/notflip/0038_000000027,notflip/0038,27,0,0.7676189541816711,1
training/notflip/0038_000000028,notflip/0038,28,0,0.7915214896202087,1
training/notflip/0038_000000029,notflip/0038,29,0,0.8218563199043274,1
training/notflip/0038_000000030,notflip/0038,30,0,0.7640175223350525,1
training/notflip/0039_000000025,notflip/0039,25,0,0.907101571559906,1
testing/notflip/0039_000000026,notflip/0039,26,0,0.9180178046226501,1
training/notflip/0039_000000027,notflip/0039,27,0,0.9363990426063538,1
training/notflip/0039_000000028,notflip/0039,28,0,0.7678402066230774,1
training/notflip/0039_000000029,notflip/0039,29,0,0.7511903047561646,1
training/notflip/0039_000000030,notflip/0039,30,0,0.7838966250419617,1
training/notflip/0040_000000025,notflip/0040,25,0,0.9546473026275635,1
training/notflip/0040_000000026,notflip/0040,26,0,0.9150176048278809,1
training/notflip/0040_000000027,notflip/0040,27,0,0.9212522506713867,1
training/notflip/0040_000000028,notflip/0040,28,0,0.8854393362998962,1
training/notflip/0040_000000029,notflip/0040,29,0,0.8723644018173218,1
training/notflip/0040_000000030,notflip/0040,30,0,0.7786459922790527,1
