sample_id,video_id,frame_number,y_true,p_original,p_half_resolution,p_quarter_resolution,pred_original,pred_half_resolution,pred_quarter_resolution
testing/flip/0001_000000020,flip/0001,20,1,0.9997679591178894,0.996560275554657,0.9922584891319275,1,1,1
testing/flip/0002_000000012,flip/0002,12,1,0.9999551773071289,0.9999641180038452,0.9999649524688721,1,1,1
testing/flip/0002_000000013,flip/0002,13,1,0.9999220371246338,0.9999054670333862,0.9998929500579834,1,1,1
testing/flip/0002_000000015,flip/0002,15,1,0.9999481439590454,0.9998867511749268,0.9997621178627014,1,1,1
testing/flip/0002_000000017,flip/0002,17,1,0.9995802044868469,0.998264491558075,0.9950112104415894,1,1,1
testing/flip/0003_000000005,flip/0003,5,1,0.9999563694000244,0.999320387840271,0.9963042736053467,1,1,1
testing/flip/0003_000000008,flip/0003,8,1,0.9999792575836182,0.999671459197998,0.9984739422798157,1,1,1
testing/flip/0003_000000022,flip/0003,22,1,0.999845027923584,0.9970291256904602,0.9862728714942932,1,1,1
testing/flip/0003_000000025,flip/0003,25,1,0.9999372959136963,0.9974971413612366,0.9838269352912903,1,1,1
testing/flip/0004_000000006,flip/0004,6,1,0.9999005794525146,0.9992446899414062,0.99683678150177,1,1,1
testing/flip/0004_000000013,flip/0004,13,1,0.9999979734420776,0.9999831914901733,0.9999505281448364,1,1,1
testing/flip/0004_000000014,flip/0004,14,1,0.9999979734420776,0.9999828338623047,0.9999552965164185,1,1,1
testing/flip/0004_000000027,flip/0004,27,1,0.9999728202819824,0.997798502445221,0.9879602193832397,1,1,1
testing/flip/0005_000000003,flip/0005,3,1,0.9992730021476746,0.9956331849098206,0.9865017533302307,1,1,1
testing/flip/0005_000000008,flip/0005,8,1,0.999671459197998,0.9982131719589233,0.996519923210144,1,1,1
testing/flip/0005_000000018,flip/0005,18,1,0.999997615814209,0.9999904632568359,0.999976634979248,1,1,1
testing/flip/0005_000000023,flip/0005,23,1,0.9999949932098389,0.9999608993530273,0.99986732006073,1,1,1
testing/flip/0005_000000028,flip/0005,28,1,0.9999971389770508,0.9998706579208374,0.9989895224571228,1,1,1
testing/flip/0006_000000001,flip/0006,1,1,0.9994021654129028,0.9596302509307861,0.8404495120048523,1,1,1
testing/flip/0006_000000006,flip/0006,6,1,0.9994540810585022,0.9631213545799255,0.836598813533783,1,1,1
testing/flip/0006_000000008,flip/0006,8,1,0.9997885823249817,0.9816916584968567,0.8872740268707275,1,1,1
testing/flip/0006_000000012,flip/0006,12,1,0.9997172951698303,0.9898742437362671,0.9454779028892517,1,1,1
testing/flip/0006_000000021,flip/0006,21,1,0.9999651908874512,0.9992135763168335,0.9977914094924927,1,1,1
testing/flip/0006_000000022,flip/0006,22,1,0.999943733215332,0.999208390712738,0.9977618455886841,1,1,1
testing/flip/0006_000000024,flip/0006,24,1,0.9999402761459351,0.9992641806602478,0.9972463846206665,1,1,1
testing/flip/0006_000000025,flip/0006,25,1,0.9997987151145935,0.9978358149528503,0.9933528900146484,1,1,1
testing/flip/0006_000000030,flip/0006,30,1,0.8950165510177612,0.7480837106704712,0.669646680355072,1,1,1
testing/flip/0007_000000008,flip/0007,8,1,0.9999352693557739,0.9998623132705688,0.9996751546859741,1,1,1
testing/flip/0007_000000018,flip/0007,18,1,0.9999947547912598,0.9999799728393555,0.999931812286377,1,1,1
testing/flip/0007_000000024,flip/0007,24,1,0.9998613595962524,0.9991503953933716,0.9977312684059143,1,1,1
testing/flip/0008_000000005,flip/0008,5,1,0.9998064637184143,0.9984741806983948,0.9958717226982117,1,1,1
testing/flip/0008_000000007,flip/0008,7,1,0.9997811913490295,0.9991492033004761,0.9977076053619385,1,1,1
testing/flip/0008_000000023,flip/0008,23,1,0.9998911619186401,0.9981826543807983,0.9946817755699158,1,1,1
testing/flip/0008_000000026,flip/0008,26,1,0.9999865293502808,0.9994669556617737,0.9982789754867554,1,1,1
testing/flip/0008_000000029,flip/0008,29,1,0.999315619468689,0.9918001294136047,0.9801867604255676,1,1,1
testing/flip/0009_000000007,flip/0009,7,1,0.9999604225158691,0.9950809478759766,0.9826966524124146,1,1,1
testing/flip/0009_000000016,flip/0009,16,1,0.9999927282333374,0.9999141693115234,0.999744713306427,1,1,1
testing/flip/0009_000000019,flip/0009,19,1,0.9999901056289673,0.9998672008514404,0.9995936751365662,1,1,1
testing/flip/0009_000000020,flip/0009,20,1,0.9999617338180542,0.9994708895683289,0.9985390901565552,1,1,1
testing/flip/0009_000000023,flip/0009,23,1,0.9999533891677856,0.9983736276626587,0.995290994644165,1,1,1
testing/flip/0009_000000025,flip/0009,25,1,0.9999890327453613,0.999688982963562,0.9990177154541016,1,1,1
testing/flip/0009_000000026,flip/0009,26,1,0.9999842643737793,0.9995331764221191,0.9987602233886719,1,1,1
testing/flip/0010_000000004,flip/0010,4,1,0.9999961853027344,0.9999127388000488,0.9997380375862122,1,1,1
testing/flip/0010_000000008,flip/0010,8,1,0.9999994039535522,0.9999935626983643,0.9999845027923584,1,1,1
testing/flip/0010_000000009,flip/0010,9,1,0.9999991655349731,0.9999872446060181,0.9999703168869019,1,1,1
testing/flip/0010_000000012,flip/0010,12,1,0.9999946355819702,0.9999576807022095,0.9999055862426758,1,1,1
testing/flip/0010_000000013,flip/0010,13,1,0.9999877214431763,0.999861478805542,0.9996472597122192,1,1,1
testing/flip/0010_000000021,flip/0010,21,1,0.9999864101409912,0.9997289776802063,0.9990911483764648,1,1,1
testing/flip/0011_000000006,flip/0011,6,1,0.9999936819076538,0.9993743300437927,0.9902944564819336,1,1,1
testing/flip/0011_000000014,flip/0011,14,1,0.9999393224716187,0.9902732968330383,0.8133069276809692,1,1,1
testing/flip/0011_000000023,flip/0011,23,1,0.9998225569725037,0.9927612543106079,0.8686432838439941,1,1,1
testing/flip/0011_000000026,flip/0011,26,1,0.9995182752609253,0.9914302229881287,0.7859477996826172,1,1,1
testing/flip/0011_000000027,flip/0011,27,1,0.9991869330406189,0.9824901223182678,0.6883155107498169,1,1,1
testing/flip/0012_000000007,flip/0012,7,1,0.9940804839134216,0.8661152124404907,0.3298790156841278,1,1,0
testing/flip/0012_000000008,flip/0012,8,1,0.9968409538269043,0.9139773845672607,0.4278976321220398,1,1,0
testing/flip/0012_000000016,flip/0012,16,1,0.9997482895851135,0.8779953122138977,0.18680910766124725,1,1,0
testing/flip/0012_000000022,flip/0012,22,1,0.9998549222946167,0.9725427031517029,0.741875946521759,1,1,1
testing/flip/0012_000000025,flip/0012,25,1,0.9999476671218872,0.9984089732170105,0.9779128432273865,1,1,1
testing/flip/0012_000000029,flip/0012,29,1,0.999729335308075,0.9877076745033264,0.8663449883460999,1,1,1
testing/flip/0012_000000030,flip/0012,30,1,0.9997807145118713,0.9900484085083008,0.8720611929893494,1,1,1
testing/flip/0013_000000008,flip/0013,8,1,0.9999732971191406,0.9928592443466187,0.9298782348632812,1,1,1
testing/flip/0013_000000011,flip/0013,11,1,0.9999103546142578,0.9924724102020264,0.9267145395278931,1,1,1
testing/flip/0013_000000013,flip/0013,13,1,0.999863862991333,0.98484206199646,0.878679096698761,1,1,1
testing/flip/0013_000000015,flip/0013,15,1,0.999933123588562,0.9942107200622559,0.9479913711547852,1,1,1
testing/flip/0013_000000022,flip/0013,22,1,0.9999542236328125,0.9976982474327087,0.9811241030693054,1,1,1
testing/flip/0014_000000003,flip/0014,3,1,0.9999632835388184,0.9992697834968567,0.9943866729736328,1,1,1
testing/flip/0014_000000004,flip/0014,4,1,0.9999643564224243,0.999484658241272,0.9957122802734375,1,1,1
testing/flip/0014_000000006,flip/0014,6,1,0.9999803304672241,0.999750554561615,0.9978379607200623,1,1,1
testing/flip/0014_000000009,flip/0014,9,1,0.9999909400939941,0.9998519420623779,0.9982731342315674,1,1,1
testing/flip/0014_000000010,flip/0014,10,1,0.9999909400939941,0.9998493194580078,0.9983034133911133,1,1,1
testing/flip/0014_000000012,flip/0014,12,1,0.9999948740005493,0.9998996257781982,0.9988001585006714,1,1,1
testing/flip/0014_000000013,flip/0014,13,1,0.9999974966049194,0.9999215602874756,0.9990391731262207,1,1,1
testing/flip/0014_000000014,flip/0014,14,1,0.9999969005584717,0.9998531341552734,0.9984847903251648,1,1,1
testing/flip/0014_000000016,flip/0014,16,1,0.9999910593032837,0.9993898868560791,0.9934992790222168,1,1,1
testing/flip/0014_000000019,flip/0014,19,1,0.9999951124191284,0.9979305267333984,0.9819757342338562,1,1,1
testing/flip/0014_000000020,flip/0014,20,1,0.999997615814209,0.998773992061615,0.9895557761192322,1,1,1
testing/flip/0015_000000011,flip/0015,11,1,0.9999938011169434,0.9998047947883606,0.9899156093597412,1,1,1
testing/flip/0015_000000019,flip/0015,19,1,0.9999514818191528,0.9908457398414612,0.7612230777740479,1,1,1
testing/flip/0015_000000021,flip/0015,21,1,0.9999547004699707,0.96273273229599,0.5111433863639832,1,1,1
testing/flip/0015_000000023,flip/0015,23,1,0.9999470710754395,0.9938598871231079,0.9187235236167908,1,1,1
testing/flip/0015_000000029,flip/0015,29,1,0.9987953901290894,0.9384122490882874,0.42064234614372253,1,1,0
testing/flip/0016_000000004,flip/0016,4,1,0.9999998807907104,0.9999760389328003,0.9994091987609863,1,1,1
testing/flip/0016_000000006,flip/0016,6,1,0.9999998807907104,0.9999748468399048,0.9993709921836853,1,1,1
testing/flip/0016_000000008,flip/0016,8,1,0.9999998807907104,0.9999756813049316,0.9995903372764587,1,1,1
testing/flip/0016_000000013,flip/0016,13,1,0.9999997615814209,0.9996103644371033,0.9876244068145752,1,1,1
testing/flip/0016_000000026,flip/0016,26,1,0.9999960660934448,0.999188244342804,0.9796760082244873,1,1,1
testing/flip/0017_000000015,flip/0017,15,1,0.9997205138206482,0.5347853899002075,0.06754745543003082,1,1,0
testing/flip/0017_000000017,flip/0017,17,1,0.9980081915855408,0.3001156747341156,0.03231603279709816,1,0,0
testing/flip/0018_000000003,flip/0018,3,1,0.9981548190116882,0.9325560331344604,0.28169089555740356,1,1,0
testing/flip/0018_000000004,flip/0018,4,1,0.9978945851325989,0.9319635629653931,0.3359513580799103,1,1,0
testing/flip/0018_000000012,flip/0018,12,1,0.9999932050704956,0.9982967972755432,0.9133885502815247,1,1,1
testing/flip/0018_000000019,flip/0018,19,1,0.9999715089797974,0.9916090369224548,0.8047105073928833,1,1,1
testing/flip/0018_000000020,flip/0018,20,1,0.9999576807022095,0.9889615178108215,0.769990861415863,1,1,1
testing/flip/0019_000000014,flip/0019,14,1,0.9999983310699463,0.9997851252555847,0.9951794147491455,1,1,1
testing/flip/0019_000000025,flip/0019,25,1,0.9999973773956299,0.99614417552948,0.9309584498405457,1,1,1
testing/flip/0020_000000010,flip/0020,10,1,0.9999990463256836,0.9997071623802185,0.9944731593132019,1,1,1
testing/flip/0020_000000012,flip/0020,12,1,0.9999995231628418,0.9997485280036926,0.995339035987854,1,1,1
testing/flip/0020_000000015,flip/0020,15,1,0.9999998807907104,0.9998983144760132,0.995834469795227,1,1,1
testing/flip/0020_000000019,flip/0020,19,1,0.9999997615814209,0.9999014139175415,0.9956054091453552,1,1,1
testing/flip/0020_000000020,flip/0020,20,1,0.9999995231628418,0.9995995163917542,0.9830052256584167,1,1,1
testing/flip/0020_000000023,flip/0020,23,1,0.9999992847442627,0.9995822310447693,0.9854610562324524,1,1,1
testing/flip/0021_000000011,flip/0021,11,1,0.999998927116394,0.9998852014541626,0.9987518787384033,1,1,1
testing/flip/0021_000000014,flip/0021,14,1,0.9999969005584717,0.9996339082717896,0.9968423843383789,1,1,1
testing/flip/0021_000000015,flip/0021,15,1,0.9999963045120239,0.9989542961120605,0.9889037013053894,1,1,1
testing/flip/0021_000000027,flip/0021,27,1,0.9999923706054688,0.9957897067070007,0.961353600025177,1,1,1
testing/flip/0022_000000010,flip/0022,10,1,0.9999206066131592,0.9186207056045532,0.45533958077430725,1,1,0
testing/flip/0022_000000020,flip/0022,20,1,0.9997088313102722,0.621189534664154,0.07387509196996689,1,1,0
testing/flip/0024_000000017,flip/0024,17,1,0.999955415725708,0.9999444484710693,0.99968421459198,1,1,1
testing/flip/0024_000000019,flip/0024,19,1,0.9998869895935059,0.9997996687889099,0.9994266033172607,1,1,1
testing/flip/0024_000000021,flip/0024,21,1,0.9992824196815491,0.9803264141082764,0.9519866108894348,1,1,1
testing/flip/0026_000000010,flip/0026,10,1,0.9999982118606567,0.9999938011169434,0.9999481439590454,1,1,1
testing/flip/0026_000000016,flip/0026,16,1,0.9998928308486938,0.998870313167572,0.9970268607139587,1,1,1
testing/flip/0026_000000018,flip/0026,18,1,0.9999921321868896,0.9976188540458679,0.9907482266426086,1,1,1
testing/flip/0027_000000016,flip/0027,16,1,0.9998083710670471,0.994900643825531,0.9682886600494385,1,1,1
testing/flip/0027_000000018,flip/0027,18,1,0.9999020099639893,0.9874524474143982,0.899649977684021,1,1,1
testing/flip/0027_000000019,flip/0027,19,1,0.9999572038650513,0.9973510503768921,0.9629091024398804,1,1,1
testing/flip/0028_000000015,flip/0028,15,1,0.999958872795105,0.9997895359992981,0.9972999691963196,1,1,1
testing/flip/0028_000000019,flip/0028,19,1,0.9998107552528381,0.9936902523040771,0.9661452174186707,1,1,1
testing/flip/0028_000000024,flip/0028,24,1,0.999990701675415,0.9980802536010742,0.983376681804657,1,1,1
testing/flip/0029_000000021,flip/0029,21,1,0.9999979734420776,0.9999759197235107,0.9998469352722168,1,1,1
testing/flip/0029_000000024,flip/0029,24,1,0.999976396560669,0.9955848455429077,0.9836282730102539,1,1,1
testing/flip/0029_000000025,flip/0029,25,1,0.999995231628418,0.9978041052818298,0.9898608922958374,1,1,1
testing/flip/0029_000000027,flip/0029,27,1,0.9999988079071045,0.9997089505195618,0.9967756867408752,1,1,1
testing/flip/0030_000000003,flip/0030,3,1,0.9996904134750366,0.9897601008415222,0.8917596936225891,1,1,1
testing/flip/0030_000000006,flip/0030,6,1,0.9998327493667603,0.9836083054542542,0.8682854175567627,1,1,1
testing/flip/0030_000000009,flip/0030,9,1,0.999591052532196,0.9716030359268188,0.8056400418281555,1,1,1
testing/flip/0030_000000012,flip/0030,12,1,0.9997981190681458,0.9882918000221252,0.9033765196800232,1,1,1
testing/flip/0030_000000019,flip/0030,19,1,0.9998476505279541,0.9773509502410889,0.8175387978553772,1,1,1
testing/flip/0030_000000027,flip/0030,27,1,0.9999654293060303,0.9827689528465271,0.8747143149375916,1,1,1
testing/flip/0030_000000031,flip/0030,31,1,0.9994930028915405,0.8658227920532227,0.46994075179100037,1,1,0
testing/flip/0030_000000038,flip/0030,38,1,0.9999181032180786,0.999313473701477,0.9896238446235657,1,1,1
testing/flip/0031_000000018,flip/0031,18,1,0.9999980926513672,0.9999867677688599,0.9998754262924194,1,1,1
testing/flip/0031_000000020,flip/0031,20,1,0.9999945163726807,0.9999909400939941,0.9999232292175293,1,1,1
testing/flip/0031_000000028,flip/0031,28,1,0.9997264742851257,0.9983993172645569,0.9900528788566589,1,1,1
testing/flip/0032_000000010,flip/0032,10,1,0.9999809265136719,0.9999704360961914,0.9997021555900574,1,1,1
testing/flip/0033_000000016,flip/0033,16,1,0.99992835521698,0.9996917247772217,0.9971182346343994,1,1,1
testing/flip/0033_000000021,flip/0033,21,1,0.9994250535964966,0.9944341778755188,0.9842166900634766,1,1,1
testing/flip/0034_000000015,flip/0034,15,1,0.9993177652359009,0.9867854714393616,0.916510283946991,1,1,1
testing/flip/0034_000000016,flip/0034,16,1,0.9977922439575195,0.9534491896629333,0.7558146119117737,1,1,1
testing/flip/0034_000000019,flip/0034,19,1,0.9850650429725647,0.840173065662384,0.4811219871044159,1,1,0
testing/flip/0034_000000020,flip/0034,20,1,0.9798939824104309,0.7921092510223389,0.43101194500923157,1,1,0
testing/flip/0034_000000022,flip/0034,22,1,0.9905725121498108,0.9431579113006592,0.7295230031013489,1,1,1
testing/flip/0035_000000007,flip/0035,7,1,0.9551044702529907,0.2603646218776703,0.028301266953349113,1,0,0
testing/flip/0035_000000010,flip/0035,10,1,0.9994631409645081,0.6594147086143494,0.12071628123521805,1,1,0
testing/flip/0035_000000016,flip/0035,16,1,0.9986720085144043,0.8165853023529053,0.22305801510810852,1,1,0
testing/flip/0036_000000007,flip/0036,7,1,0.7860093712806702,0.07127287983894348,0.008403114043176174,1,0,0
testing/flip/0036_000000008,flip/0036,8,1,0.8037951588630676,0.132908895611763,0.01519153080880642,1,0,0
testing/flip/0036_000000009,flip/0036,9,1,0.9082562327384949,0.25076964497566223,0.02648567222058773,1,0,0
testing/flip/0036_000000011,flip/0036,11,1,0.9656986594200134,0.48404499888420105,0.080817312002182,1,0,0
testing/flip/0036_000000014,flip/0036,14,1,0.998607337474823,0.8439613580703735,0.32479310035705566,1,1,0
testing/flip/0036_000000015,flip/0036,15,1,0.999697208404541,0.9071650505065918,0.4187171459197998,1,1,0
testing/flip/0036_000000024,flip/0036,24,1,0.9999966621398926,0.9947339296340942,0.9530805349349976,1,1,1
testing/flip/0037_000000006,flip/0037,6,1,0.996541440486908,0.5961850881576538,0.2558555603027344,1,1,0
testing/flip/0037_000000008,flip/0037,8,1,0.9999486207962036,0.9522222876548767,0.6885258555412292,1,1,1
testing/flip/0037_000000011,flip/0037,11,1,0.9999786615371704,0.9837371706962585,0.8700813055038452,1,1,1
testing/flip/0037_000000013,flip/0037,13,1,0.9998144507408142,0.935648500919342,0.6970248222351074,1,1,1
testing/flip/0037_000000016,flip/0037,16,1,0.9990233182907104,0.9515191316604614,0.7249808311462402,1,1,1
testing/flip/0037_000000017,flip/0037,17,1,0.9991550445556641,0.9659210443496704,0.8074002265930176,1,1,1
testing/flip/0037_000000020,flip/0037,20,1,0.9997978806495667,0.9880052208900452,0.8635110259056091,1,1,1
testing/flip/0037_000000024,flip/0037,24,1,0.9973783493041992,0.9672616720199585,0.5521359443664551,1,1,1
testing/flip/0038_000000007,flip/0038,7,1,0.9998670816421509,0.9912021160125732,0.9002164006233215,1,1,1
testing/flip/0038_000000010,flip/0038,10,1,0.9999924898147583,0.9992966651916504,0.9880849719047546,1,1,1
testing/flip/0038_000000013,flip/0038,13,1,0.9999817609786987,0.9994297623634338,0.9907748103141785,1,1,1
testing/flip/0038_000000015,flip/0038,15,1,0.9999958276748657,0.9996421337127686,0.9934906959533691,1,1,1
testing/flip/0038_000000016,flip/0038,16,1,0.9999938011169434,0.9995860457420349,0.9932367205619812,1,1,1
testing/flip/0038_000000020,flip/0038,20,1,0.9999856948852539,0.9978392720222473,0.9593111276626587,1,1,1
testing/flip/0038_000000026,flip/0038,26,1,0.999975323677063,0.9889782071113586,0.8289726376533508,1,1,1
testing/flip/0038_000000032,flip/0038,32,1,0.9998258948326111,0.9856509566307068,0.8361895084381104,1,1,1
testing/flip/0038_000000043,flip/0038,43,1,0.9999294281005859,0.9898457527160645,0.8598043322563171,1,1,1
testing/flip/0038_000000044,flip/0038,44,1,0.9999514818191528,0.9904708862304688,0.8426390886306763,1,1,1
testing/flip/0038_000000047,flip/0038,47,1,0.9995706677436829,0.9551655650138855,0.6117393374443054,1,1,1
testing/flip/0038_000000048,flip/0038,48,1,0.9980288147926331,0.9029750823974609,0.40742337703704834,1,1,0
testing/flip/0039_000000009,flip/0039,9,1,0.9969013929367065,0.8921828269958496,0.39419063925743103,1,1,0
testing/flip/0040_000000007,flip/0040,7,1,0.9999114274978638,0.994412362575531,0.9517002701759338,1,1,1
testing/flip/0040_000000024,flip/0040,24,1,0.9999995231628418,0.99974125623703,0.9965141415596008,1,1,1
testing/flip/0040_000000025,flip/0040,25,1,0.9999986886978149,0.9996498823165894,0.9953475594520569,1,1,1
testing/flip/0040_000000028,flip/0040,28,1,0.9997232556343079,0.9864957928657532,0.8546248078346252,1,1,1
testing/flip/0041_000000010,flip/0041,10,1,0.04202856495976448,0.005985809024423361,0.000999434501864016,0,0,0
testing/flip/0041_000000015,flip/0041,15,1,0.9908428192138672,0.8434349894523621,0.30151763558387756,1,1,0
testing/flip/0041_000000018,flip/0041,18,1,0.8842179179191589,0.3722512722015381,0.08867840468883514,1,0,0
testing/flip/0041_000000019,flip/0041,19,1,0.8941078782081604,0.4061395525932312,0.09188821911811829,1,0,0
testing/flip/0041_000000021,flip/0041,21,1,0.9970231652259827,0.9389751553535461,0.55715411901474,1,1,1
testing/flip/0041_000000022,flip/0041,22,1,0.99432772397995,0.9293994307518005,0.60939621925354,1,1,1
testing/flip/0041_000000027,flip/0041,27,1,0.9871909618377686,0.7222747206687927,0.14925390481948853,1,1,0
testing/flip/0042_000000002,flip/0042,2,1,0.9025444984436035,0.2458934187889099,0.06419365853071213,1,0,0
testing/flip/0042_000000004,flip/0042,4,1,0.9726249575614929,0.5729758143424988,0.18078160285949707,1,1,0
testing/flip/0042_000000006,flip/0042,6,1,0.9857315421104431,0.749980628490448,0.34137457609176636,1,1,0
testing/flip/0042_000000011,flip/0042,11,1,0.9975380897521973,0.9536694288253784,0.7532076239585876,1,1,1
testing/flip/0042_000000012,flip/0042,12,1,0.998964786529541,0.9761731028556824,0.8512384295463562,1,1,1
testing/flip/0042_000000027,flip/0042,27,1,0.9999803304672241,0.9994866847991943,0.9923351407051086,1,1,1
testing/flip/0043_000000015,flip/0043,15,1,0.9890523552894592,0.8748935461044312,0.6759010553359985,1,1,1
testing/flip/0043_000000023,flip/0043,23,1,0.9966057538986206,0.7858893275260925,0.4158511757850647,1,1,0
testing/flip/0044_000000003,flip/0044,3,1,0.9862767457962036,0.8497101664543152,0.44405779242515564,1,1,0
testing/flip/0044_000000007,flip/0044,7,1,0.9933570027351379,0.8870501518249512,0.4958701729774475,1,1,0
testing/flip/0044_000000015,flip/0044,15,1,0.9998679161071777,0.993668258190155,0.9431976079940796,1,1,1
testing/flip/0044_000000024,flip/0044,24,1,0.9997227787971497,0.9922435879707336,0.9585557579994202,1,1,1
testing/flip/0044_000000025,flip/0044,25,1,0.9998855590820312,0.9949809908866882,0.9334008693695068,1,1,1
testing/flip/0045_000000027,flip/0045,27,1,0.9999977350234985,0.9993118047714233,0.9931782484054565,1,1,1
testing/flip/0046_000000006,flip/0046,6,1,0.9936378598213196,0.8401184678077698,0.4516858160495758,1,1,0
testing/flip/0046_000000010,flip/0046,10,1,0.9999678134918213,0.9928619265556335,0.9336883425712585,1,1,1
testing/flip/0046_000000012,flip/0046,12,1,0.9999837875366211,0.9973493814468384,0.9696105718612671,1,1,1
testing/flip/0046_000000013,flip/0046,13,1,0.9999591112136841,0.9929185509681702,0.9355594515800476,1,1,1
testing/flip/0046_000000016,flip/0046,16,1,0.9995465874671936,0.9082149863243103,0.6112173795700073,1,1,1
testing/flip/0046_000000018,flip/0046,18,1,0.9998811483383179,0.956336259841919,0.7704809308052063,1,1,1
testing/flip/0046_000000019,flip/0046,19,1,0.999977707862854,0.9967687129974365,0.9740779995918274,1,1,1
testing/flip/0046_000000023,flip/0046,23,1,0.9989890456199646,0.9687047004699707,0.6196720004081726,1,1,1
testing/flip/0046_000000025,flip/0046,25,1,0.9910340905189514,0.7654612064361572,0.17554524540901184,1,1,0
testing/flip/0047_000000010,flip/0047,10,1,0.999030351638794,0.872505784034729,0.2556857466697693,1,1,0
testing/flip/0047_000000015,flip/0047,15,1,0.9999167919158936,0.9786713123321533,0.6813928484916687,1,1,1
testing/flip/0047_000000021,flip/0047,21,1,0.99125075340271,0.706014096736908,0.3379937708377838,1,1,0
testing/flip/0047_000000026,flip/0047,26,1,0.9997268319129944,0.964863121509552,0.6781578660011292,1,1,1
testing/flip/0048_000000010,flip/0048,10,1,0.9890995621681213,0.0530637763440609,0.006867737974971533,1,0,0
testing/flip/0048_000000011,flip/0048,11,1,0.9929074048995972,0.07565635442733765,0.009835129603743553,1,0,0
testing/flip/0049_000000017,flip/0049,17,1,0.9999542236328125,0.9999901056289673,0.9999939203262329,1,1,1
testing/flip/0049_000000019,flip/0049,19,1,0.9998518228530884,0.9999765157699585,0.999984860420227,1,1,1
testing/flip/0049_000000023,flip/0049,23,1,0.999919056892395,0.9999701976776123,0.9999781847000122,1,1,1
testing/flip/0049_000000025,flip/0049,25,1,0.9998645782470703,0.9999271631240845,0.9999421834945679,1,1,1
testing/flip/0049_000000027,flip/0049,27,1,0.9999583959579468,0.9997655749320984,0.9994760155677795,1,1,1
testing/flip/0050_000000023,flip/0050,23,1,0.999848484992981,0.9998297691345215,0.9998601675033569,1,1,1
testing/flip/0050_000000024,flip/0050,24,1,0.9999053478240967,0.999760091304779,0.9997352957725525,1,1,1
testing/flip/0051_000000021,flip/0051,21,1,0.9998397827148438,0.9999059438705444,0.9999091625213623,1,1,1
testing/flip/0051_000000022,flip/0051,22,1,0.99977046251297,0.9998264908790588,0.9998582601547241,1,1,1
testing/flip/0052_000000017,flip/0052,17,1,0.999981164932251,0.9999822378158569,0.999987006187439,1,1,1
testing/flip/0052_000000018,flip/0052,18,1,0.999990701675415,0.9999877214431763,0.999988317489624,1,1,1
testing/flip/0052_000000021,flip/0052,21,1,0.9999929666519165,0.9999932050704956,0.9999926090240479,1,1,1
testing/flip/0053_000000008,flip/0053,8,1,0.9999204874038696,0.9999669790267944,0.9999717473983765,1,1,1
testing/flip/0053_000000012,flip/0053,12,1,0.9999614953994751,0.9999899864196777,0.9999915361404419,1,1,1
testing/flip/0053_000000015,flip/0053,15,1,0.9999274015426636,0.9999806880950928,0.9999856948852539,1,1,1
testing/flip/0053_000000018,flip/0053,18,1,0.9999370574951172,0.9999767541885376,0.9999740123748779,1,1,1
testing/flip/0054_000000010,flip/0054,10,1,0.9999492168426514,0.999994158744812,0.999996542930603,1,1,1
testing/flip/0054_000000011,flip/0054,11,1,0.9999487400054932,0.9999942779541016,0.999996542930603,1,1,1
testing/flip/0054_000000015,flip/0054,15,1,0.9999802112579346,0.9999960660934448,0.999996542930603,1,1,1
testing/flip/0054_000000019,flip/0054,19,1,0.9999653100967407,0.999992847442627,0.9999939203262329,1,1,1
testing/flip/0054_000000024,flip/0054,24,1,0.9999319314956665,0.9998565912246704,0.99983811378479,1,1,1
testing/flip/0054_000000027,flip/0054,27,1,0.9997398257255554,0.9995272159576416,0.9994331002235413,1,1,1
testing/flip/0055_000000015,flip/0055,15,1,0.9999785423278809,0.999995231628418,0.9999946355819702,1,1,1
testing/flip/0055_000000024,flip/0055,24,1,0.9999231100082397,0.9999088048934937,0.999768078327179,1,1,1
testing/flip/0055_000000027,flip/0055,27,1,0.9998555183410645,0.9996587038040161,0.9987730383872986,1,1,1
testing/flip/0055_000000028,flip/0055,28,1,0.9994949102401733,0.9989686012268066,0.9961004257202148,1,1,1
testing/flip/0056_000000016,flip/0056,16,1,0.9999958276748657,0.9999986886978149,0.9999988079071045,1,1,1
testing/flip/0056_000000030,flip/0056,30,1,0.9986106157302856,0.9959383010864258,0.9885275363922119,1,1,1
testing/flip/0057_000000019,flip/0057,19,1,0.9998688697814941,0.9999685287475586,0.9999715089797974,1,1,1
testing/flip/0057_000000030,flip/0057,30,1,0.9705711007118225,0.9390007257461548,0.9579498767852783,1,1,1
testing/flip/0058_000000003,flip/0058,3,1,0.9959859251976013,0.9948114156723022,0.9958772659301758,1,1,1
testing/flip/0058_000000004,flip/0058,4,1,0.9954001307487488,0.9942981600761414,0.995756208896637,1,1,1
testing/flip/0058_000000006,flip/0058,6,1,0.9974615573883057,0.9950529932975769,0.9970076680183411,1,1,1
testing/flip/0058_000000019,flip/0058,19,1,0.9997749924659729,0.9998728036880493,0.9998741149902344,1,1,1
testing/flip/0058_000000021,flip/0058,21,1,0.9999040365219116,0.999846339225769,0.9997308850288391,1,1,1
testing/flip/0058_000000027,flip/0058,27,1,0.9999433755874634,0.999386191368103,0.9984662532806396,1,1,1
testing/flip/0059_000000015,flip/0059,15,1,0.9999579191207886,0.9999659061431885,0.9999309778213501,1,1,1
testing/flip/0059_000000016,flip/0059,16,1,0.999958872795105,0.9999796152114868,0.9999622106552124,1,1,1
testing/flip/0059_000000017,flip/0059,17,1,0.9999293088912964,0.9999675750732422,0.9999470710754395,1,1,1
testing/flip/0059_000000020,flip/0059,20,1,0.9999196529388428,0.9999806880950928,0.9999678134918213,1,1,1
testing/flip/0059_000000028,flip/0059,28,1,0.99992835521698,0.9992104768753052,0.9962968230247498,1,1,1
testing/flip/0060_000000004,flip/0060,4,1,0.9994810223579407,0.9993467926979065,0.9991227984428406,1,1,1
testing/flip/0060_000000006,flip/0060,6,1,0.9998681545257568,0.9998706579208374,0.9997547268867493,1,1,1
testing/flip/0060_000000008,flip/0060,8,1,0.999927282333374,0.999962568283081,0.9999198913574219,1,1,1
testing/flip/0060_000000013,flip/0060,13,1,0.9999974966049194,0.9999986886978149,0.9999978542327881,1,1,1
testing/flip/0060_000000032,flip/0060,32,1,0.9999992847442627,0.9999899864196777,0.9999650716781616,1,1,1
testing/flip/0060_000000037,flip/0060,37,1,0.9999839067459106,0.9998719692230225,0.9992783665657043,1,1,1
testing/flip/0060_000000038,flip/0060,38,1,0.9999675750732422,0.9997883439064026,0.9992696642875671,1,1,1
testing/flip/0060_000000043,flip/0060,43,1,0.9991588592529297,0.9988388419151306,0.9961822628974915,1,1,1
testing/flip/0060_000000044,flip/0060,44,1,0.9992486834526062,0.9987939596176147,0.994981586933136,1,1,1
testing/flip/0060_000000052,flip/0060,52,1,0.9963459372520447,0.9875637888908386,0.9503257274627686,1,1,1
testing/flip/0060_000000053,flip/0060,53,1,0.9897534847259521,0.9220609664916992,0.7620376348495483,1,1,1
testing/flip/0060_000000055,flip/0060,55,1,0.6569206118583679,0.2855668067932129,0.1053938940167427,1,0,0
testing/flip/0061_000000010,flip/0061,10,1,0.9980185031890869,0.9997914433479309,0.9998296499252319,1,1,1
testing/flip/0061_000000011,flip/0061,11,1,0.9996769428253174,0.9999194145202637,0.9999041557312012,1,1,1
testing/flip/0061_000000018,flip/0061,18,1,0.9999644756317139,0.9999849796295166,0.9999790191650391,1,1,1
testing/flip/0061_000000026,flip/0061,26,1,0.9999722242355347,0.9995834231376648,0.9981822967529297,1,1,1
testing/flip/0061_000000027,flip/0061,27,1,0.9999234676361084,0.9990129470825195,0.9955203533172607,1,1,1
testing/flip/0061_000000029,flip/0061,29,1,0.9954407215118408,0.9642621278762817,0.8765440583229065,1,1,1
testing/flip/0062_000000003,flip/0062,3,1,0.9724489450454712,0.9717172980308533,0.973321259021759,1,1,1
testing/flip/0062_000000006,flip/0062,6,1,0.9994627833366394,0.9985467791557312,0.9981343150138855,1,1,1
testing/flip/0062_000000009,flip/0062,9,1,0.999550998210907,0.9997829794883728,0.9997691512107849,1,1,1
testing/flip/0062_000000011,flip/0062,11,1,0.9998108744621277,0.9999104738235474,0.9998940229415894,1,1,1
testing/flip/0062_000000012,flip/0062,12,1,0.9998846054077148,0.999956488609314,0.9999339580535889,1,1,1
testing/flip/0062_000000013,flip/0062,13,1,0.9999245405197144,0.9999722242355347,0.9999600648880005,1,1,1
testing/flip/0062_000000018,flip/0062,18,1,0.9999687671661377,0.999962329864502,0.9999016523361206,1,1,1
testing/flip/0062_000000020,flip/0062,20,1,0.9999634027481079,0.9999157190322876,0.9997325539588928,1,1,1
testing/flip/0063_000000011,flip/0063,11,1,0.9999997615814209,0.9999996423721313,0.9999997615814209,1,1,1
testing/flip/0063_000000014,flip/0063,14,1,0.99998939037323,0.9999932050704956,0.9999946355819702,1,1,1
testing/flip/0063_000000023,flip/0063,23,1,0.9983816146850586,0.9985132813453674,0.9970065951347351,1,1,1
testing/flip/0064_000000027,flip/0064,27,1,0.9999556541442871,0.9986121654510498,0.9956502318382263,1,1,1
testing/flip/0065_000000001,flip/0065,1,1,0.8867394328117371,0.5010091066360474,0.3252933621406555,1,1,0
testing/flip/0065_000000005,flip/0065,5,1,0.9932049512863159,0.8769062757492065,0.7363041043281555,1,1,1
testing/flip/0065_000000016,flip/0065,16,1,0.9993047714233398,0.9987908005714417,0.9987714886665344,1,1,1
testing/flip/0065_000000023,flip/0065,23,1,0.9995754361152649,0.9989416003227234,0.9982593655586243,1,1,1
testing/flip/0065_000000025,flip/0065,25,1,0.9997145533561707,0.9987207055091858,0.9967935681343079,1,1,1
testing/flip/0065_000000026,flip/0065,26,1,0.9995575547218323,0.9981594681739807,0.9951430559158325,1,1,1
testing/notflip/0001_000000002,notflip/0001,2,0,0.022845951840281487,0.41270288825035095,0.48690998554229736,0,0,0
testing/notflip/0001_000000004,notflip/0001,4,0,0.022722303867340088,0.4123991131782532,0.48687902092933655,0,0,0
testing/notflip/0001_000000009,notflip/0001,9,0,0.02355223149061203,0.37938192486763,0.528794527053833,0,0,1
testing/notflip/0001_000000014,notflip/0001,14,0,0.0313769206404686,0.48890042304992676,0.5635105967521667,0,0,1
testing/notflip/0001_000000024,notflip/0001,24,0,0.07595366984605789,0.6404433250427246,0.7457864880561829,0,1,1
testing/notflip/0002_000000003,notflip/0002,3,0,0.0014146664179861546,0.004714109934866428,0.013684811070561409,0,0,0
testing/notflip/0002_000000006,notflip/0002,6,0,0.0022539105266332626,0.006339579820632935,0.016262700781226158,0,0,0
testing/notflip/0002_000000008,notflip/0002,8,0,0.00323980743996799,0.008993380703032017,0.020319269970059395,0,0,0
testing/notflip/0002_000000012,notflip/0002,12,0,0.0042479862459003925,0.017225874587893486,0.04528358578681946,0,0,0
testing/notflip/0002_000000015,notflip/0002,15,0,0.004919928032904863,0.029329080134630203,0.06789012998342514,0,0,0
testing/notflip/0002_000000026,notflip/0002,26,0,0.02027885988354683,0.055779628455638885,0.11971814185380936,0,0,0
testing/notflip/0002_000000027,notflip/0002,27,0,0.02487584576010704,0.06162814423441887,0.13421455025672913,0,0,0
testing/notflip/0002_000000028,notflip/0002,28,0,0.028621451929211617,0.06762003898620605,0.14097118377685547,0,0,0
testing/notflip/0003_000000004,notflip/0003,4,0,0.0006956675206311047,0.004319402389228344,0.013007322326302528,0,0,0
testing/notflip/0003_000000018,notflip/0003,18,0,0.006623265333473682,0.053767718374729156,0.15682081878185272,0,0,0
testing/notflip/0003_000000025,notflip/0003,25,0,0.051457762718200684,0.25586220622062683,0.42675653100013733,0,0,0
testing/notflip/0003_000000030,notflip/0003,30,0,0.12263564765453339,0.3444880545139313,0.5042722225189209,0,0,1
testing/notflip/0004_000000002,notflip/0004,2,0,0.0050083426758646965,0.007282869424670935,0.006586641073226929,0,0,0
testing/notflip/0004_000000004,notflip/0004,4,0,0.003634960623458028,0.007218264043331146,0.006467618979513645,0,0,0
testing/notflip/0004_000000010,notflip/0004,10,0,0.0037948107346892357,0.015160716138780117,0.014476043172180653,0,0,0
testing/notflip/0004_000000012,notflip/0004,12,0,0.0069079711101949215,0.02737669087946415,0.02811334654688835,0,0,0
testing/notflip/0004_000000015,notflip/0004,15,0,0.0458780974149704,0.2109610140323639,0.1578998863697052,0,0,0
testing/notflip/0004_000000016,notflip/0004,16,0,0.047556642442941666,0.1231066882610321,0.09929268807172775,0,0,0
testing/notflip/0004_000000020,notflip/0004,20,0,0.06602635234594345,0.1332695037126541,0.11760836839675903,0,0,0
testing/notflip/0004_000000023,notflip/0004,23,0,0.0396706648170948,0.025446759536862373,0.019184313714504242,0,0,0
testing/notflip/0004_000000029,notflip/0004,29,0,0.02267402783036232,0.035402361303567886,0.018828438594937325,0,0,0
testing/notflip/0005_000000005,notflip/0005,5,0,0.0016780898440629244,0.0027031705249100924,0.0028671163599938154,0,0,0
testing/notflip/0005_000000009,notflip/0005,9,0,0.0011657614959403872,0.00218155886977911,0.002725493162870407,0,0,0
testing/notflip/0005_000000012,notflip/0005,12,0,0.001505924155935645,0.001586762024089694,0.0010446920059621334,0,0,0
testing/notflip/0005_000000018,notflip/0005,18,0,0.0012902047019451857,0.001654412248171866,0.0013955547474324703,0,0,0
testing/notflip/0005_000000022,notflip/0005,22,0,0.010955267585814,0.00716766994446516,0.00429658405482769,0,0,0
testing/notflip/0006_000000009,notflip/0006,9,0,0.005662793759256601,0.01586262881755829,0.015697017312049866,0,0,0
testing/notflip/0006_000000015,notflip/0006,15,0,0.005904515739530325,0.015178168192505836,0.015723828226327896,0,0,0
testing/notflip/0006_000000016,notflip/0006,16,0,0.007858346216380596,0.014493216760456562,0.017204761505126953,0,0,0
testing/notflip/0006_000000019,notflip/0006,19,0,0.00552891893312335,0.01233334094285965,0.01592625118792057,0,0,0
testing/notflip/0006_000000021,notflip/0006,21,0,0.00354822282679379,0.008562810719013214,0.012604606337845325,0,0,0
testing/notflip/0006_000000023,notflip/0006,23,0,0.00878049898892641,0.01070148404687643,0.011907585896551609,0,0,0
testing/notflip/0006_000000025,notflip/0006,25,0,0.0042157662101089954,0.007100000511854887,0.009492570534348488,0,0,0
testing/notflip/0006_000000027,notflip/0006,27,0,0.0033000861294567585,0.005735364276915789,0.00784272514283657,0,0,0
testing/notflip/0006_000000028,notflip/0006,28,0,0.0011119430419057608,0.0031308226753026247,0.0063393330201506615,0,0,0
testing/notflip/0006_000000029,notflip/0006,29,0,0.0011305338703095913,0.0031643707770854235,0.006409619003534317,0,0,0
testing/notflip/0007_000000010,notflip/0007,10,0,0.0011613203678280115,0.0012799417600035667,0.0015480238944292068,0,0,0
testing/notflip/0007_000000025,notflip/0007,25,0,0.006356588564813137,0.003138491651043296,0.00340782618150115,0,0,0
testing/notflip/0008_000000008,notflip/0008,8,0,0.00046692643081769347,0.00039746426045894623,0.0006534582935273647,0,0,0
testing/notflip/0008_000000009,notflip/0008,9,0,0.0004923444939777255,0.0004861198249273002,0.0006393726798705757,0,0,0
testing/notflip/0008_000000012,notflip/0008,12,0,0.0008121936698444188,0.0009459483553655446,0.0011620739242061973,0,0,0
testing/notflip/0008_000000013,notflip/0008,13,0,0.002136918483301997,0.0019671134650707245,0.002026679227128625,0,0,0
testing/notflip/0008_000000020,notflip/0008,20,0,0.0025053774006664753,0.002979088807478547,0.0033567745704203844,0,0,0
testing/notflip/0008_000000023,notflip/0008,23,0,0.00959952361881733,0.00970152486115694,0.010238082148134708,0,0,0
testing/notflip/0009_000000002,notflip/0009,2,0,0.001392996753565967,0.0015328994486480951,0.0020459508523344994,0,0,0
testing/notflip/0009_000000003,notflip/0009,3,0,0.0014414485776796937,0.00135717517696321,0.0020983635913580656,0,0,0
testing/notflip/0009_000000004,notflip/0009,4,0,0.0018118125153705478,0.0012983203632757068,0.0018778686644509435,0,0,0
testing/notflip/0009_000000005,notflip/0009,5,0,0.0014496758813038468,0.0010097869671881199,0.0015304251573979855,0,0,0
testing/notflip/0009_000000012,notflip/0009,12,0,0.0005724829970858991,0.0006757639348506927,0.0008296133019030094,0,0,0
testing/notflip/0009_000000015,notflip/0009,15,0,0.001173762371763587,0.0007341966847889125,0.0007548903813585639,0,0,0
testing/notflip/0009_000000017,notflip/0009,17,0,0.00265462975949049,0.0013122413074597716,0.001187775982543826,0,0,0
testing/notflip/0009_000000027,notflip/0009,27,0,0.0061690593138337135,0.004295021761208773,0.004621888976544142,0,0,0
testing/notflip/0010_000000007,notflip/0010,7,0,0.0018345881253480911,0.0003820420242846012,0.0005652775871567428,0,0,0
testing/notflip/0010_000000009,notflip/0010,9,0,0.0028871241956949234,0.0005165718030184507,0.0007592659676447511,0,0,0
testing/notflip/0010_000000026,notflip/0010,26,0,0.029432153329253197,0.010925939306616783,0.011658811941742897,0,0,0
testing/notflip/0011_000000017,notflip/0011,17,0,0.004026596900075674,0.0010734919924288988,0.0014730064431205392,0,0,0
testing/notflip/0011_000000018,notflip/0011,18,0,0.004843986593186855,0.001007376122288406,0.0016105191316455603,0,0,0
testing/notflip/0011_000000027,notflip/0011,27,0,0.01801423914730549,0.00427187979221344,0.004772601183503866,0,0,0
testing/notflip/0015_000000002,notflip/0015,2,0,0.041130851954221725,0.003469206392765045,0.0005266399239189923,0,0,0
testing/notflip/0015_000000003,notflip/0015,3,0,0.030032455921173096,0.0028710204642266035,0.0005473767523653805,0,0,0
testing/notflip/0015_000000004,notflip/0015,4,0,0.01590888574719429,0.0029983799904584885,0.0005699842004105449,0,0,0
testing/notflip/0015_000000005,notflip/0015,5,0,0.009372393600642681,0.0031447517685592175,0.000617240380961448,0,0,0
testing/notflip/0015_000000018,notflip/0015,18,0,0.014810231514275074,0.001860892865806818,0.0005634342087432742,0,0,0
testing/notflip/0015_000000021,notflip/0015,21,0,0.023670801892876625,0.0024431974161416292,0.0005117378896102309,0,0,0
testing/notflip/0016_000000001,notflip/0016,1,0,0.04242775961756706,0.5749726295471191,0.34753069281578064,0,1,0
testing/notflip/0016_000000014,notflip/0016,14,0,0.10887107998132706,0.6750131249427795,0.39542263746261597,0,1,0
testing/notflip/0016_000000020,notflip/0016,20,0,0.07403053343296051,0.6560966372489929,0.3932974338531494,0,1,0
testing/notflip/0016_000000023,notflip/0016,23,0,0.11342167109251022,0.739626944065094,0.45889702439308167,0,1,0
testing/notflip/0016_000000025,notflip/0016,25,0,0.08819140493869781,0.7748672962188721,0.4778340458869934,0,1,0
testing/notflip/0019_000000002,notflip/0019,2,0,0.046511489897966385,0.790342390537262,0.49405592679977417,0,1,0
testing/notflip/0019_000000004,notflip/0019,4,0,0.03254719078540802,0.7232411503791809,0.3977751135826111,0,1,0
testing/notflip/0019_000000012,notflip/0019,12,0,0.00848776288330555,0.6559739112854004,0.26143476366996765,0,1,0
testing/notflip/0019_000000015,notflip/0019,15,0,0.020650072023272514,0.6912053823471069,0.29521113634109497,0,1,0
testing/notflip/0019_000000024,notflip/0019,24,0,0.03196196258068085,0.7907514572143555,0.43273234367370605,0,1,0
testing/notflip/0019_000000025,notflip/0019,25,0,0.032976631075143814,0.7987056970596313,0.4586990773677826,0,1,0
testing/notflip/0019_000000027,notflip/0019,27,0,0.02696717157959938,0.830593466758728,0.5287780165672302,0,1,1
testing/notflip/0020_000000004,notflip/0020,4,0,0.011556139215826988,0.5184664726257324,0.20984198153018951,0,1,0
testing/notflip/0020_000000010,notflip/0020,10,0,0.020873967558145523,0.6195822954177856,0.26666679978370667,0,1,0
testing/notflip/0020_000000016,notflip/0020,16,0,0.018379682675004005,0.6310814023017883,0.21230755746364594,0,1,0
testing/notflip/0020_000000019,notflip/0020,19,0,0.01151179987937212,0.6137376427650452,0.2071390151977539,0,1,0
testing/notflip/0021_000000024,notflip/0021,24,0,0.008973661810159683,0.1471375674009323,0.03308037295937538,0,0,0
testing/notflip/0021_000000026,notflip/0021,26,0,0.01619369350373745,0.19839903712272644,0.0485331229865551,0,0,0
testing/notflip/0023_000000014,notflip/0023,14,0,0.014947725459933281,0.11019923537969589,0.020430749282240868,0,0,0
testing/notflip/0023_000000020,notflip/0023,20,0,0.004220813512802124,0.24124936759471893,0.06255792826414108,0,0,0
testing/notflip/0023_000000024,notflip/0023,24,0,0.002128556603565812,0.14405976235866547,0.03763608634471893,0,0,0
testing/notflip/0023_000000029,notflip/0023,29,0,0.0031977908220142126,0.17299817502498627,0.039491988718509674,0,0,0
testing/notflip/0023_000000030,notflip/0023,30,0,0.0033800434321165085,0.2007998526096344,0.045375533401966095,0,0,0
testing/notflip/0024_000000002,notflip/0024,2,0,0.006817287765443325,0.6126173138618469,0.38606762886047363,0,1,0
testing/notflip/0024_000000004,notflip/0024,4,0,0.023373818024992943,0.8473048806190491,0.6742334961891174,0,1,1
testing/notflip/0024_000000006,notflip/0024,6,0,0.005224437918514013,0.7321036458015442,0.5479643940925598,0,1,1
testing/notflip/0024_000000007,notflip/0024,7,0,0.004556634929031134,0.7280721068382263,0.5421236157417297,0,1,1
testing/notflip/0024_000000019,notflip/0024,19,0,0.008089168928563595,0.7197266221046448,0.4828614890575409,0,1,0
testing/notflip/0024_000000020,notflip/0024,20,0,0.006397980730980635,0.6880816221237183,0.43657442927360535,0,1,0
testing/notflip/0024_000000022,notflip/0024,22,0,0.004848259035497904,0.5764859318733215,0.36892279982566833,0,1,0
testing/notflip/0024_000000024,notflip/0024,24,0,0.007901334203779697,0.5853217840194702,0.3402968943119049,0,1,0
testing/notflip/0024_000000025,notflip/0024,25,0,0.010256493464112282,0.6403439044952393,0.36421093344688416,0,1,0
testing/notflip/0025_000000010,notflip/0025,10,0,0.0008983086445368826,0.008947869762778282,0.0027812898624688387,0,0,0
testing/notflip/0025_000000011,notflip/0025,11,0,0.0017410574946552515,0.03201328590512276,0.0076036276295781136,0,0,0
testing/notflip/0025_000000013,notflip/0025,13,0,0.005059428978711367,0.12210477888584137,0.026994962245225906,0,0,0
testing/notflip/0025_000000018,notflip/0025,18,0,0.003762955078855157,0.5142467021942139,0.20801888406276703,0,1,0
testing/notflip/0025_000000021,notflip/0025,21,0,0.004209544975310564,0.5032178163528442,0.234302818775177,0,1,0
testing/notflip/0025_000000022,notflip/0025,22,0,0.004527518525719643,0.5052155256271362,0.23308230936527252,0,1,0
testing/notflip/0025_000000025,notflip/0025,25,0,0.005634089466184378,0.5113396048545837,0.23770512640476227,0,1,0
testing/notflip/0026_000000004,notflip/0026,4,0,0.0031793024390935898,0.04604966193437576,0.012348858639597893,0,0,0
testing/notflip/0026_000000005,notflip/0026,5,0,0.0022852469701319933,0.03574463352560997,0.008113599382340908,0,0,0
testing/notflip/0026_000000010,notflip/0026,10,0,0.0015398197574540973,0.012395337224006653,0.0037057825829833746,0,0,0
testing/notflip/0026_000000014,notflip/0026,14,0,0.02423967234790325,0.07746395468711853,0.028677329421043396,0,0,0
testing/notflip/0026_000000024,notflip/0026,24,0,0.0014056660002097487,0.06657243520021439,0.025172632187604904,0,0,0
testing/notflip/0026_000000029,notflip/0026,29,0,0.003518270794302225,0.1247689500451088,0.04089023172855377,0,0,0
testing/notflip/0027_000000001,notflip/0027,1,0,0.00041707634227350354,0.00016117130871862173,9.956592839444056e-05,0,0,0
testing/notflip/0027_000000004,notflip/0027,4,0,0.000518434913828969,0.00017399663920514286,9.691696322988719e-05,0,0,0
testing/notflip/0027_000000010,notflip/0027,10,0,0.0009140435140579939,0.00021133836708031595,0.00011853643809445202,0,0,0
testing/notflip/0027_000000013,notflip/0027,13,0,0.0010019104229286313,0.00020847162522841245,0.00010786744678625837,0,0,0
testing/notflip/0027_000000017,notflip/0027,17,0,0.0020704150665551424,0.000319778366247192,0.00012955520651303232,0,0,0
testing/notflip/0027_000000022,notflip/0027,22,0,0.0019091025460511446,0.00032543306588195264,0.00011693952546920627,0,0,0
testing/notflip/0027_000000023,notflip/0027,23,0,0.0013833169359713793,0.00020599541312549263,7.638938404852524e-05,0,0,0
testing/notflip/0028_000000004,notflip/0028,4,0,0.022420214489102364,0.0016553710447624326,0.00033216728479601443,0,0,0
testing/notflip/0028_000000024,notflip/0028,24,0,0.007864080369472504,0.000935987161938101,0.0001934111351147294,0,0,0
testing/notflip/0029_000000001,notflip/0029,1,0,0.053432781249284744,0.012155727483332157,0.00563195813447237,0,0,0
testing/notflip/0029_000000003,notflip/0029,3,0,0.06288043409585953,0.011778348125517368,0.005882632918655872,0,0,0
testing/notflip/0029_000000004,notflip/0029,4,0,0.06089920178055763,0.008101769722998142,0.004148691892623901,0,0,0
testing/notflip/0029_000000005,notflip/0029,5,0,0.063243567943573,0.006739592645317316,0.0033400151878595352,0,0,0
testing/notflip/0029_000000013,notflip/0029,13,0,0.014129904098808765,0.0029919184744358063,0.002307322807610035,0,0,0
testing/notflip/0029_000000017,notflip/0029,17,0,0.0018043245654553175,0.0012564660282805562,0.0009786529699340463,0,0,0
testing/notflip/0029_000000018,notflip/0029,18,0,0.002314794808626175,0.0015778893139213324,0.0010140941012650728,0,0,0
testing/notflip/0029_000000019,notflip/0029,19,0,0.001619204063899815,0.0013617953518405557,0.0009490702068433166,0,0,0
testing/notflip/0029_000000025,notflip/0029,25,0,0.00561944767832756,0.0025879458989948034,0.00112143496517092,0,0,0
testing/notflip/0030_000000001,notflip/0030,1,0,0.018371418118476868,0.01703518070280552,0.003049062564969063,0,0,0
testing/notflip/0030_000000004,notflip/0030,4,0,0.004954187665134668,0.0055432445369660854,0.0012538036098703742,0,0,0
testing/notflip/0030_000000007,notflip/0030,7,0,0.005077492445707321,0.0025790599174797535,0.0007091906736604869,0,0,0
testing/notflip/0030_000000018,notflip/0030,18,0,0.031329501420259476,0.041137076914310455,0.007452706340700388,0,0,0
testing/notflip/0030_000000022,notflip/0030,22,0,0.0375274159014225,0.04124324396252632,0.008944271132349968,0,0,0
testing/notflip/0030_000000023,notflip/0030,23,0,0.03824230283498764,0.04156910628080368,0.00896965991705656,0,0,0
testing/notflip/0030_000000024,notflip/0030,24,0,0.034427013248205185,0.040052905678749084,0.009108250960707664,0,0,0
testing/notflip/0030_000000028,notflip/0030,28,0,0.017047762870788574,0.03555852547287941,0.007873677648603916,0,0,0
testing/notflip/0031_000000004,notflip/0031,4,0,0.025967082008719444,0.0010978260543197393,0.0003595281741581857,0,0,0
testing/notflip/0031_000000008,notflip/0031,8,0,0.001534844166599214,0.0001882176147773862,0.00010064161324407905,0,0,0
testing/notflip/0031_000000010,notflip/0031,10,0,0.002115773968398571,0.0002266486408188939,0.0001353816915070638,0,0,0
testing/notflip/0031_000000015,notflip/0031,15,0,0.0019305153982713819,0.00015128249651752412,9.406127355759963e-05,0,0,0
testing/notflip/0031_000000016,notflip/0031,16,0,0.002888343296945095,0.00016336013504769653,0.00010123442916665226,0,0,0
testing/notflip/0031_000000017,notflip/0031,17,0,0.003205405781045556,0.00016107897681649774,0.00010220010881312191,0,0,0
testing/notflip/0031_000000019,notflip/0031,19,0,0.0030975393019616604,0.00016489916015416384,0.00010118520731339231,0,0,0
testing/notflip/0031_000000020,notflip/0031,20,0,0.0027328310534358025,0.0001513435272499919,9.577489254297689e-05,0,0,0
testing/notflip/0032_000000003,notflip/0032,3,0,0.005135333631187677,0.0013048613909631968,0.00041820862679742277,0,0,0
testing/notflip/0032_000000007,notflip/0032,7,0,0.005495833232998848,0.0006997471209615469,0.00024980466696433723,0,0,0
testing/notflip/0032_000000008,notflip/0032,8,0,0.007575251627713442,0.000788154371548444,0.00031379589927382767,0,0,0
testing/notflip/0032_000000010,notflip/0032,10,0,0.00907459482550621,0.001366657903417945,0.00045541897998191416,0,0,0
testing/notflip/0032_000000015,notflip/0032,15,0,0.004091076087206602,0.0004211227933410555,0.00018119005835615098,0,0,0
testing/notflip/0032_000000029,notflip/0032,29,0,0.006192347034811974,0.002722169505432248,0.0007196265505626798,0,0,0
testing/notflip/0033_000000002,notflip/0033,2,0,0.0008740594494156539,9.921524906530976e-05,3.771070623770356e-05,0,0,0
testing/notflip/0033_000000005,notflip/0033,5,0,0.0002034104836639017,4.167345105088316e-05,2.3692673494224437e-05,0,0,0
testing/notflip/0033_000000006,notflip/0033,6,0,0.0002980851859319955,6.173702422529459e-05,3.293219560873695e-05,0,0,0
testing/notflip/0033_000000008,notflip/0033,8,0,0.0011622786987572908,0.00025809399085119367,0.0001190323309856467,0,0,0
testing/notflip/0033_000000015,notflip/0033,15,0,0.0015850880881771445,0.0002719831536523998,0.0001393178099533543,0,0,0
testing/notflip/0033_000000019,notflip/0033,19,0,0.0010066503891721368,0.00021017846302129328,0.00012058029096806422,0,0,0
testing/notflip/0033_000000025,notflip/0033,25,0,0.0037863459438085556,0.0005867564468644559,0.000298937811749056,0,0,0
testing/notflip/0033_000000027,notflip/0033,27,0,0.0034061926417052746,0.0007458867621608078,0.0004061593790538609,0,0,0
testing/notflip/0034_000000008,notflip/0034,8,0,6.596603634534404e-05,1.995669117604848e-05,1.6936219253693707e-05,0,0,0
testing/notflip/0034_000000017,notflip/0034,17,0,0.00030366398277692497,8.057051309151575e-05,4.3170657590962946e-05,0,0,0
testing/notflip/0034_000000025,notflip/0034,25,0,0.0014724222710356116,0.0003710494202096015,0.0001640047412365675,0,0,0
testing/notflip/0034_000000030,notflip/0034,30,0,0.0035298431757837534,0.0011474016355350614,0.000593736709561199,0,0,0
testing/notflip/0035_000000009,notflip/0035,9,0,0.002279870444908738,0.00027116082492284477,0.0001430060074198991,0,0,0
testing/notflip/0035_000000011,notflip/0035,11,0,0.0028745061717927456,0.0002920233237091452,0.00014431517047341913,0,0,0
testing/notflip/0035_000000015,notflip/0035,15,0,0.003698450280353427,0.0002747958351392299,0.00013075945025775582,0,0,0
testing/notflip/0035_000000016,notflip/0035,16,0,0.005935566499829292,0.0003949990205001086,0.00016495374438818544,0,0,0
testing/notflip/0035_000000026,notflip/0035,26,0,0.001448380877263844,0.0005924795405007899,0.000287738541373983,0,0,0
testing/notflip/0036_000000001,notflip/0036,1,0,0.014480527490377426,0.0020710937678813934,0.0007188509916886687,0,0,0
testing/notflip/0036_000000004,notflip/0036,4,0,0.0095977783203125,0.001935417763888836,0.0008708563982509077,0,0,0
testing/notflip/0036_000000005,notflip/0036,5,0,0.004772291053086519,0.000996929593384266,0.0005561198922805488,0,0,0
testing/notflip/0036_000000014,notflip/0036,14,0,0.0018336253706365824,0.00035550553002394736,0.00032354536233469844,0,0,0
testing/notflip/0036_000000020,notflip/0036,20,0,0.0031107142567634583,0.000823376642074436,0.0005320695345290005,0,0,0
testing/notflip/0036_000000025,notflip/0036,25,0,0.0035495345946401358,0.000715517089702189,0.0005282550118863583,0,0,0
testing/notflip/0036_000000028,notflip/0036,28,0,0.0047959089279174805,0.0007992004975676537,0.0005619970033876598,0,0,0
testing/notflip/0036_000000030,notflip/0036,30,0,0.005545389372855425,0.0009530644747428596,0.0006519420421682298,0,0,0
testing/notflip/0037_000000002,notflip/0037,2,0,0.0009756190702319145,0.00039393725455738604,0.00020677823340520263,0,0,0
testing/notflip/0037_000000004,notflip/0037,4,0,0.0010310540674254298,0.00033115356927737594,0.0002116129908245057,0,0,0
testing/notflip/0037_000000007,notflip/0037,7,0,0.0012912416132166982,0.0005808103596791625,0.0003479035513009876,0,0,0
testing/notflip/0037_000000008,notflip/0037,8,0,0.0009637039620429277,0.0005052190972492099,0.0003194882592651993,0,0,0
testing/notflip/0037_000000010,notflip/0037,10,0,0.000994978821836412,0.0005121970898471773,0.0003237338678445667,0,0,0
testing/notflip/0037_000000014,notflip/0037,14,0,0.0008354786550626159,0.0004164662677794695,0.0002561582950875163,0,0,0
testing/notflip/0037_000000015,notflip/0037,15,0,0.0011673349654302,0.00058400584384799,0.00030819757375866175,0,0,0
testing/notflip/0037_000000018,notflip/0037,18,0,0.0012251618318259716,0.0005922497366555035,0.00034346221946179867,0,0,0
testing/notflip/0037_000000019,notflip/0037,19,0,0.0014592556981369853,0.0006415927782654762,0.0003716629580594599,0,0,0
testing/notflip/0037_000000025,notflip/0037,25,0,0.005066945683211088,0.0024636222515255213,0.001018475741147995,0,0,0
testing/notflip/0037_000000028,notflip/0037,28,0,0.008917395956814289,0.00373364076949656,0.001444242661818862,0,0,0
testing/notflip/0038_000000005,notflip/0038,5,0,0.016069471836090088,0.008283231407403946,0.0021840762346982956,0,0,0
testing/notflip/0038_000000008,notflip/0038,8,0,0.003802965860813856,0.0016922090435400605,0.0007045892416499555,0,0,0
testing/notflip/0038_000000009,notflip/0038,9,0,0.004177042283117771,0.0015009634662419558,0.0006624346715398133,0,0,0
testing/notflip/0038_000000010,notflip/0038,10,0,0.004133977927267551,0.0014549402985721827,0.0006902473396621644,0,0,0
testing/notflip/0038_000000011,notflip/0038,11,0,0.001548723434098065,0.0007850862457416952,0.0004407225933391601,0,0,0
testing/notflip/0038_000000020,notflip/0038,20,0,0.001599502400495112,0.0007485331734642386,0.00048118739505298436,0,0,0
testing/notflip/0038_000000022,notflip/0038,22,0,0.0010920781642198563,0.0006187965627759695,0.00031879942980594933,0,0,0
testing/notflip/0038_000000023,notflip/0038,23,0,0.001258324133232236,0.0005438728258013725,0.0002803945681080222,0,0,0
testing/notflip/0039_000000003,notflip/0039,3,0,0.007535749115049839,0.0013940995559096336,0.0016067414544522762,0,0,0
testing/notflip/0039_000000022,notflip/0039,22,0,0.007564117666333914,0.0002731851127464324,9.30629248614423e-05,0,0,0
testing/notflip/0039_000000026,notflip/0039,26,0,0.03132208064198494,0.0003509409143589437,0.00010762990132207051,0,0,0
testing/notflip/0040_000000004,notflip/0040,4,0,0.008192073553800583,0.0005763922235928476,0.00013181591930333525,0,0,0
testing/notflip/0040_000000005,notflip/0040,5,0,0.010883200913667679,0.0009870139183476567,0.00020030565792694688,0,0,0
testing/notflip/0040_000000006,notflip/0040,6,0,0.004737531300634146,0.0007312095840461552,0.00017762382049113512,0,0,0
testing/notflip/0040_000000007,notflip/0040,7,0,0.007229057140648365,0.0010735593969002366,0.00018522751634009182,0,0,0
testing/notflip/0040_000000011,notflip/0040,11,0,0.0030893234070390463,0.0007147731957957149,0.0001586632861290127,0,0,0
testing/notflip/0040_000000012,notflip/0040,12,0,0.0028716346714645624,0.0007595247589051723,0.00015775032807141542,0,0,0
testing/notflip/0040_000000014,notflip/0040,14,0,0.0018229332054033875,0.0005313944420777261,0.00012154246360296384,0,0,0
testing/notflip/0040_000000016,notflip/0040,16,0,0.002629650756716728,0.00046009666402824223,0.00010136251512449235,0,0,0
testing/notflip/0040_000000017,notflip/0040,17,0,0.0021819386165589094,0.0003565498918760568,7.869809633120894e-05,0,0,0
testing/notflip/0040_000000018,notflip/0040,18,0,0.0022959220223128796,0.00034614288597367704,6.86298226355575e-05,0,0,0
testing/notflip/0041_000000001,notflip/0041,1,0,0.013503922149538994,0.2667737305164337,0.8028636574745178,0,0,1
testing/notflip/0041_000000003,notflip/0041,3,0,0.013484523631632328,0.2644564211368561,0.8013179302215576,0,0,1
testing/notflip/0041_000000006,notflip/0041,6,0,0.021024063229560852,0.22859305143356323,0.793976366519928,0,0,1
testing/notflip/0041_000000011,notflip/0041,11,0,0.016719788312911987,0.22890155017375946,0.7727591395378113,0,0,1
testing/notflip/0041_000000014,notflip/0041,14,0,0.008282949216663837,0.09854761511087418,0.5499262809753418,0,0,1
testing/notflip/0041_000000015,notflip/0041,15,0,0.01246938481926918,0.14329804480075836,0.6287726163864136,0,0,1
testing/notflip/0041_000000021,notflip/0041,21,0,0.0035764125641435385,0.050042275339365005,0.38900747895240784,0,0,0
testing/notflip/0041_000000022,notflip/0041,22,0,0.002759823575615883,0.0509035661816597,0.37894731760025024,0,0,0
testing/notflip/0041_000000028,notflip/0041,28,0,0.002843785798177123,0.06513242423534393,0.43616822361946106,0,0,0
testing/notflip/0041_000000034,notflip/0041,34,0,0.007604524027556181,0.11615250259637833,0.6331088542938232,0,0,1
testing/notflip/0041_000000036,notflip/0041,36,0,0.004127487074583769,0.1072346493601799,0.61903315782547,0,0,1
testing/notflip/0042_000000001,notflip/0042,1,0,0.0014963889261707664,0.006734943948686123,0.010871539823710918,0,0,0
testing/notflip/0042_000000006,notflip/0042,6,0,0.0002812427410390228,0.0041114166378974915,0.007551485672593117,0,0,0
testing/notflip/0042_000000007,notflip/0042,7,0,0.00027062156004831195,0.004779525101184845,0.009379799477756023,0,0,0
testing/notflip/0042_000000013,notflip/0042,13,0,0.0004097504715900868,0.009843398816883564,0.027871808037161827,0,0,0
testing/notflip/0042_000000021,notflip/0042,21,0,0.0011777484323829412,0.048171885311603546,0.1959262490272522,0,0,0
testing/notflip/0042_000000024,notflip/0042,24,0,0.004872429650276899,0.11373700201511383,0.329616516828537,0,0,0
testing/notflip/0042_000000027,notflip/0042,27,0,0.04575188830494881,0.7052187323570251,0.916158139705658,0,1,1
testing/notflip/0042_000000030,notflip/0042,30,0,0.49932190775871277,0.9755545258522034,0.995079517364502,0,1,1
testing/notflip/0043_000000023,notflip/0043,23,0,0.00026101930416189134,0.0015451271319761872,0.002496035536751151,0,0,0
testing/notflip/0043_000000024,notflip/0043,24,0,0.00018406148592475802,0.0018629292026162148,0.0034858102444559336,0,0,0
testing/notflip/0043_000000026,notflip/0043,26,0,0.00013957044575363398,0.001216940232552588,0.0028246173169463873,0,0,0
testing/notflip/0044_000000006,notflip/0044,6,0,0.0005555498064495623,0.04882135987281799,0.11325497925281525,0,0,0
testing/notflip/0044_000000014,notflip/0044,14,0,0.0004486666002776474,0.017629459500312805,0.06292327493429184,0,0,0
testing/notflip/0044_000000027,notflip/0044,27,0,0.004193393513560295,0.0909571647644043,0.3064785599708557,0,0,0
testing/notflip/0045_000000005,notflip/0045,5,0,0.009731338359415531,0.30703282356262207,0.40122437477111816,0,0,0
testing/notflip/0045_000000012,notflip/0045,12,0,0.00029242646996863186,0.012923294678330421,0.02397492527961731,0,0,0
testing/notflip/0045_000000013,notflip/0045,13,0,0.0001984816772164777,0.015172204002737999,0.028302336111664772,0,0,0
testing/notflip/0045_000000016,notflip/0045,16,0,0.0005660498864017427,0.04848680645227432,0.08527354896068573,0,0,0
testing/notflip/0045_000000018,notflip/0045,18,0,0.0008312751306220889,0.0642004981637001,0.1302885264158249,0,0,0
testing/notflip/0045_000000022,notflip/0045,22,0,0.0008246031356975436,0.0558965839445591,0.1528179943561554,0,0,0
testing/notflip/0045_000000026,notflip/0045,26,0,0.006533348001539707,0.2777355909347534,0.46455854177474976,0,0,0
testing/notflip/0045_000000028,notflip/0045,28,0,0.041900843381881714,0.5690715312957764,0.749032735824585,0,1,1
testing/notflip/0045_000000030,notflip/0045,30,0,0.020100582391023636,0.5218286514282227,0.7253220677375793,0,1,1
testing/notflip/0046_000000003,notflip/0046,3,0,0.0009628540719859302,0.08755536377429962,0.12069530785083771,0,0,0
testing/notflip/0046_000000011,notflip/0046,11,0,0.004418843891471624,0.36707255244255066,0.44752922654151917,0,0,0
testing/notflip/0046_000000012,notflip/0046,12,0,0.005263280589133501,0.3660168945789337,0.4781510829925537,0,0,0
testing/notflip/0046_000000027,notflip/0046,27,0,0.006136792246252298,0.5413114428520203,0.7967851161956787,0,1,1
testing/notflip/0046_000000028,notflip/0046,28,0,0.007208433002233505,0.6397916078567505,0.8486672639846802,0,1,1
testing/notflip/0047_000000006,notflip/0047,6,0,0.02226881869137287,0.28269660472869873,0.49219006299972534,0,0,0
testing/notflip/0047_000000009,notflip/0047,9,0,0.0018687235424295068,0.1122889295220375,0.27073389291763306,0,0,0
testing/notflip/0047_000000024,notflip/0047,24,0,0.0012066845083609223,0.041412197053432465,0.16247911751270294,0,0,0
testing/notflip/0047_000000025,notflip/0047,25,0,0.0010417079320177436,0.032421212643384933,0.1391456574201584,0,0,0
testing/notflip/0047_000000029,notflip/0047,29,0,0.0018768563168123364,0.0541532002389431,0.19768637418746948,0,0,0
testing/notflip/0048_000000015,notflip/0048,15,0,0.0008500483236275613,0.017052292823791504,0.03212038055062294,0,0,0
testing/notflip/0048_000000025,notflip/0048,25,0,0.003085621865466237,0.0300276018679142,0.05383678153157234,0,0,0
testing/notflip/0048_000000026,notflip/0048,26,0,0.0019970443099737167,0.02823983132839203,0.05422579497098923,0,0,0
testing/notflip/0048_000000030,notflip/0048,30,0,0.0026273808907717466,0.05185189098119736,0.09472771733999252,0,0,0
testing/notflip/0049_000000006,notflip/0049,6,0,0.0010049159172922373,0.043795447796583176,0.16023291647434235,0,0,0
testing/notflip/0049_000000011,notflip/0049,11,0,0.0033559133298695087,0.22303171455860138,0.5621196031570435,0,0,1
testing/notflip/0049_000000012,notflip/0049,12,0,0.004484776873141527,0.2150067239999771,0.5497622489929199,0,0,1
testing/notflip/0049_000000018,notflip/0049,18,0,0.004790306556969881,0.2912249267101288,0.6597334146499634,0,0,1
testing/notflip/0049_000000022,notflip/0049,22,0,0.015434346161782742,0.5543802976608276,0.8722552061080933,0,1,1
testing/notflip/0049_000000026,notflip/0049,26,0,0.009104417636990547,0.5070339441299438,0.8694589734077454,0,1,1
testing/notflip/0049_000000028,notflip/0049,28,0,0.013917998410761356,0.5713055729866028,0.8886755108833313,0,1,1
testing/notflip/0050_000000011,notflip/0050,11,0,0.0008164995815604925,0.003932200837880373,0.01812468282878399,0,0,0
testing/notflip/0050_000000013,notflip/0050,13,0,0.0006195188616402447,0.002370052272453904,0.011936514638364315,0,0,0
testing/notflip/0051_000000002,notflip/0051,2,0,0.00024808529997244477,0.02725650556385517,0.09305433183908463,0,0,0
testing/notflip/0051_000000012,notflip/0051,12,0,0.0006665844121016562,0.0820791944861412,0.2879975736141205,0,0,0
testing/notflip/0051_000000025,notflip/0051,25,0,0.007559204939752817,0.3206482529640198,0.6696917414665222,0,0,1
testing/notflip/0052_000000006,notflip/0052,6,0,0.0007984050898812711,0.008915625512599945,0.010556712746620178,0,0,0
testing/notflip/0052_000000014,notflip/0052,14,0,0.0024505299516022205,0.011428473517298698,0.012059408240020275,0,0,0
testing/notflip/0052_000000022,notflip/0052,22,0,0.005624838173389435,0.0639818087220192,0.0730244442820549,0,0,0
testing/notflip/0052_000000029,notflip/0052,29,0,0.008026058785617352,0.11385172605514526,0.13429886102676392,0,0,0
testing/notflip/0053_000000001,notflip/0053,1,0,0.006360103841871023,0.032861582934856415,0.025904400274157524,0,0,0
testing/notflip/0053_000000008,notflip/0053,8,0,0.0005484073772095144,0.008628529496490955,0.009827999398112297,0,0,0
testing/notflip/0053_000000011,notflip/0053,11,0,0.0004520807124208659,0.004790916107594967,0.004829925484955311,0,0,0
testing/notflip/0053_000000016,notflip/0053,16,0,0.0013777409913018346,0.0182118471711874,0.018074942752718925,0,0,0
testing/notflip/0053_000000017,notflip/0053,17,0,0.0028127103578299284,0.0227664802223444,0.020504871383309364,0,0,0
testing/notflip/0053_000000025,notflip/0053,25,0,0.005558002274483442,0.2301381230354309,0.2775334119796753,0,0,0
testing/notflip/0054_000000010,notflip/0054,10,0,0.0003536810982041061,0.0010930190328508615,0.001497743302024901,0,0,0
testing/notflip/0054_000000020,notflip/0054,20,0,0.000817556050606072,0.005622826982289553,0.007305709645152092,0,0,0
testing/notflip/0054_000000023,notflip/0054,23,0,0.0015195936430245638,0.0139077790081501,0.020799580961465836,0,0,0
testing/notflip/0054_000000027,notflip/0054,27,0,0.0013935393653810024,0.0140257328748703,0.022825835272669792,0,0,0
testing/notflip/0055_000000012,notflip/0055,12,0,0.0017748760292306542,0.008184382691979408,0.01514526642858982,0,0,0
testing/notflip/0055_000000013,notflip/0055,13,0,0.0013543280074372888,0.008659755811095238,0.01677011139690876,0,0,0
testing/notflip/0055_000000016,notflip/0055,16,0,0.0023732066620141268,0.01358054019510746,0.026667911559343338,0,0,0
testing/notflip/0056_000000004,notflip/0056,4,0,0.002218026900663972,0.0626465380191803,0.039746012538671494,0,0,0
testing/notflip/0056_000000007,notflip/0056,7,0,0.00035298216971568763,0.013816555961966515,0.012484571896493435,0,0,0
testing/notflip/0056_000000011,notflip/0056,11,0,0.0004157954826951027,0.007195576559752226,0.008761855773627758,0,0,0
testing/notflip/0056_000000013,notflip/0056,13,0,0.0006681917584501207,0.013027938082814217,0.017569515854120255,0,0,0
testing/notflip/0056_000000022,notflip/0056,22,0,0.0015479139983654022,0.08052264153957367,0.11816016584634781,0,0,0
testing/notflip/0056_000000024,notflip/0056,24,0,0.002994851442053914,0.18560108542442322,0.2594391107559204,0,0,0
testing/notflip/0056_000000027,notflip/0056,27,0,0.005612965673208237,0.3422963619232178,0.46520957350730896,0,0,0
testing/notflip/0057_000000003,notflip/0057,3,0,0.0024577302392572165,0.061649926006793976,0.10570865869522095,0,0,0
testing/notflip/0057_000000007,notflip/0057,7,0,0.00447241822257638,0.09852561354637146,0.17775525152683258,0,0,0
testing/notflip/0057_000000012,notflip/0057,12,0,0.003234543837606907,0.10840420424938202,0.1483515352010727,0,0,0
testing/notflip/0057_000000023,notflip/0057,23,0,0.006442053709179163,0.16372820734977722,0.33831045031547546,0,0,0
testing/notflip/0057_000000027,notflip/0057,27,0,0.004848410841077566,0.16161248087882996,0.34830769896507263,0,0,0
testing/notflip/0058_000000002,notflip/0058,2,0,0.09756549447774887,0.027608627453446388,0.027248239144682884,0,0,0
testing/notflip/0058_000000004,notflip/0058,4,0,0.03416398912668228,0.019818153232336044,0.03163515403866768,0,0,0
testing/notflip/0058_000000013,notflip/0058,13,0,0.024482620880007744,0.010305323638021946,0.009423297829926014,0,0,0
testing/notflip/0058_000000018,notflip/0058,18,0,0.01938522234559059,0.011024275794625282,0.012714187614619732,0,0,0
testing/notflip/0058_000000020,notflip/0058,20,0,0.020811300724744797,0.01193175744265318,0.013879687525331974,0,0,0
testing/notflip/0058_000000021,notflip/0058,21,0,0.026834435760974884,0.013392779976129532,0.014045754447579384,0,0,0
testing/notflip/0058_000000025,notflip/0058,25,0,0.026925429701805115,0.0229019857943058,0.02100467123091221,0,0,0
