path,label,video_id,frame_num,split,mask_fraction,arm_pixels,hand_pixels,detected_hands,cleaned_path
images/training/flip/0003_000000024.jpg,flip,flip/0003,24,training,0.20666136188271605,48,398214,2,/tmp/historical-inpaint/cleaned/images/training/flip/0003_000000024.jpg
images/training/flip/0005_000000030.jpg,flip,flip/0005,30,training,0.23027199074074073,0,446300,2,/tmp/historical-inpaint/cleaned/images/training/flip/0005_000000030.jpg
images/training/flip/0006_000000029.jpg,flip,flip/0006,29,training,0.21859471450617285,38684,414147,2,/tmp/historical-inpaint/cleaned/images/training/flip/0006_000000029.jpg
images/training/flip/0007_000000027.jpg,flip,flip/0007,27,training,0.23736979166666666,45267,460059,2,/tmp/historical-inpaint/cleaned/images/training/flip/0007_000000027.jpg
images/testing/flip/0008_000000029.jpg,flip,flip/0008,29,testing,0.21013069058641975,16311,404832,2,/tmp/historical-inpaint/cleaned/images/testing/flip/0008_000000029.jpg
images/training/flip/0010_000000029.jpg,flip,flip/0010,29,training,0.2362620563271605,50530,453756,2,/tmp/historical-inpaint/cleaned/images/training/flip/0010_000000029.jpg
images/training/flip/0017_000000019.jpg,flip,flip/0017,19,training,0.1580912422839506,90,309440,1,/tmp/historical-inpaint/cleaned/images/training/flip/0017_000000019.jpg
images/training/flip/0018_000000021.jpg,flip,flip/0018,21,training,0.0007368827160493827,420,0,0,/tmp/historical-inpaint/cleaned/images/training/flip/0018_000000021.jpg
images/training/flip/0021_000000028.jpg,flip,flip/0021,28,training,0.19111882716049383,8,377056,1,/tmp/historical-inpaint/cleaned/images/training/flip/0021_000000028.jpg
images/training/flip/0024_000000027.jpg,flip,flip/0024,27,training,0.18467399691358025,111137,246618,1,/tmp/historical-inpaint/cleaned/images/training/flip/0024_000000027.jpg
images/training/flip/0026_000000022.jpg,flip,flip/0026,22,training,0.022042341820987653,36438,0,0,/tmp/historical-inpaint/cleaned/images/training/flip/0026_000000022.jpg
images/training/flip/0033_000000026.jpg,flip,flip/0033,26,training,0.2413768325617284,116121,368702,2,/tmp/historical-inpaint/cleaned/images/training/flip/0033_000000026.jpg
images/training/flip/0040_000000009.jpg,flip,flip/0040,9,training,0.08684558256172839,0,164835,1,/tmp/historical-inpaint/cleaned/images/training/flip/0040_000000009.jpg
images/training/flip/0042_000000009.jpg,flip,flip/0042,9,training,0.07743923611111111,0,146950,1,/tmp/historical-inpaint/cleaned/images/training/flip/0042_000000009.jpg
images/training/flip/0045_000000016.jpg,flip,flip/0045,16,training,0.0928100887345679,0,177179,1,/tmp/historical-inpaint/cleaned/images/training/flip/0045_000000016.jpg
images/training/flip/0046_000000011.jpg,flip,flip/0046,11,training,0.08987991898148148,0,170851,1,/tmp/historical-inpaint/cleaned/images/training/flip/0046_000000011.jpg
images/training/flip/0047_000000023.jpg,flip,flip/0047,23,training,0.09295621141975309,0,177660,1,/tmp/historical-inpaint/cleaned/images/training/flip/0047_000000023.jpg
images/testing/flip/0048_000000011.jpg,flip,flip/0048,11,testing,0.09337046682098765,50,177903,1,/tmp/historical-inpaint/cleaned/images/testing/flip/0048_000000011.jpg
images/testing/flip/0059_000000028.jpg,flip,flip/0059,28,testing,0.18306230709876542,71956,323078,2,/tmp/historical-inpaint/cleaned/images/testing/flip/0059_000000028.jpg
images/training/flip/0059_000000030.jpg,flip,flip/0059,30,training,0.17815007716049383,63511,319413,2,/tmp/historical-inpaint/cleaned/images/training/flip/0059_000000030.jpg
images/training/flip/0060_000000051.jpg,flip,flip/0060,51,training,0.073125,54524,133226,1,/tmp/historical-inpaint/cleaned/images/training/flip/0060_000000051.jpg
images/training/flip/0062_000000027.jpg,flip,flip/0062,27,training,0.19591435185185185,42118,382187,2,/tmp/historical-inpaint/cleaned/images/training/flip/0062_000000027.jpg
images/training/flip/0064_000000029.jpg,flip,flip/0064,29,training,0.2020389660493827,100374,356027,2,/tmp/historical-inpaint/cleaned/images/training/flip/0064_000000029.jpg
images/training/flip/0065_000000024.jpg,flip,flip/0065,24,training,0.19300347222222222,122635,345521,2,/tmp/historical-inpaint/cleaned/images/training/flip/0065_000000024.jpg
images/training/notflip/0002_000000025.jpg,notflip,notflip/0002,25,training,0.11218171296296296,66117,214173,1,/tmp/historical-inpaint/cleaned/images/training/notflip/0002_000000025.jpg
images/training/notflip/0002_000000029.jpg,notflip,notflip/0002,29,training,0.11168161651234568,60431,212580,1,/tmp/historical-inpaint/cleaned/images/training/notflip/0002_000000029.jpg
images/training/notflip/0003_000000027.jpg,notflip,notflip/0003,27,training,0.11293306327160493,18679,216101,1,/tmp/historical-inpaint/cleaned/images/training/notflip/0003_000000027.jpg
images/testing/notflip/0007_000000025.jpg,notflip,notflip/0007,25,testing,0.22564043209876544,118458,437692,2,/tmp/historical-inpaint/cleaned/images/testing/notflip/0007_000000025.jpg
images/training/notflip/0009_000000029.jpg,notflip,notflip/0009,29,training,0.11701195987654321,51321,220404,1,/tmp/historical-inpaint/cleaned/images/training/notflip/0009_000000029.jpg
images/training/notflip/0010_000000028.jpg,notflip,notflip/0010,28,training,0.11212094907407408,118787,208120,1,/tmp/historical-inpaint/cleaned/images/training/notflip/0010_000000028.jpg
images/testing/notflip/0016_000000023.jpg,notflip,notflip/0016,23,testing,0.06400752314814814,4918,110911,1,/tmp/historical-inpaint/cleaned/images/testing/notflip/0016_000000023.jpg
images/testing/notflip/0016_000000025.jpg,notflip,notflip/0016,25,testing,0.07564187885802469,2233,137708,1,/tmp/historical-inpaint/cleaned/images/testing/notflip/0016_000000025.jpg
images/testing/notflip/0019_000000025.jpg,notflip,notflip/0019,25,testing,0.05331211419753087,3989,95834,1,/tmp/historical-inpaint/cleaned/images/testing/notflip/0019_000000025.jpg
images/testing/notflip/0019_000000027.jpg,notflip,notflip/0019,27,testing,0.0540919174382716,0,99101,1,/tmp/historical-inpaint/cleaned/images/testing/notflip/0019_000000027.jpg
images/training/notflip/0020_000000020.jpg,notflip,notflip/0020,20,training,0.08257619598765432,28458,120778,1,/tmp/historical-inpaint/cleaned/images/training/notflip/0020_000000020.jpg
images/training/notflip/0023_000000027.jpg,notflip,notflip/0023,27,training,0.07646508487654322,54728,93788,1,/tmp/historical-inpaint/cleaned/images/training/notflip/0023_000000027.jpg
images/training/notflip/0035_000000001.jpg,notflip,notflip/0035,1,training,0.24063512731481482,0,471944,2,/tmp/historical-inpaint/cleaned/images/training/notflip/0035_000000001.jpg
images/training/notflip/0035_000000004.jpg,notflip,notflip/0035,4,training,0.23706307870370372,0,461282,2,/tmp/historical-inpaint/cleaned/images/training/notflip/0035_000000004.jpg
images/training/notflip/0039_000000004.jpg,notflip,notflip/0039,4,training,0.13654851466049384,3018,259548,1,/tmp/historical-inpaint/cleaned/images/training/notflip/0039_000000004.jpg
images/testing/notflip/0039_000000022.jpg,notflip,notflip/0039,22,testing,0.09658998842592592,0,184736,1,/tmp/historical-inpaint/cleaned/images/testing/notflip/0039_000000022.jpg
images/testing/notflip/0040_000000004.jpg,notflip,notflip/0040,4,testing,0.22185136959876542,1124,430429,2,/tmp/historical-inpaint/cleaned/images/testing/notflip/0040_000000004.jpg
images/testing/notflip/0040_000000016.jpg,notflip,notflip/0040,16,testing,0.0918214699074074,0,174658,1,/tmp/historical-inpaint/cleaned/images/testing/notflip/0040_000000016.jpg
images/training/notflip/0042_000000029.jpg,notflip,notflip/0042,29,training,0.08859326774691358,138670,142055,1,/tmp/historical-inpaint/cleaned/images/training/notflip/0042_000000029.jpg
images/training/notflip/0049_000000025.jpg,notflip,notflip/0049,25,training,0.08296440972222222,138557,129955,1,/tmp/historical-inpaint/cleaned/images/training/notflip/0049_000000025.jpg
images/training/notflip/0051_000000026.jpg,notflip,notflip/0051,26,training,0.0788671875,124284,112579,1,/tmp/historical-inpaint/cleaned/images/training/notflip/0051_000000026.jpg
images/testing/notflip/0052_000000029.jpg,notflip,notflip/0052,29,testing,0.0812427662037037,121393,114786,1,/tmp/historical-inpaint/cleaned/images/testing/notflip/0052_000000029.jpg
images/training/notflip/0053_000000027.jpg,notflip,notflip/0053,27,training,0.07801842206790123,119618,114617,1,/tmp/historical-inpaint/cleaned/images/training/notflip/0053_000000027.jpg
images/training/notflip/0053_000000030.jpg,notflip,notflip/0053,30,training,0.07786651234567901,120660,113214,1,/tmp/historical-inpaint/cleaned/images/training/notflip/0053_000000030.jpg
