video_id,notflip_frames,flip_frames,within_sequence_median_adjacent_mae,notflip_to_flip_boundary_mae,notflip_to_flip_boundary_ratio_vs_within,notflip_to_flip_cross_id_percentile_mae,notflip_to_flip_boundary_dhash,notflip_to_flip_cross_id_percentile_dhash,notflip_to_flip_composite_percentile,flip_to_notflip_boundary_mae,flip_to_notflip_boundary_ratio_vs_within,flip_to_notflip_cross_id_percentile_mae,flip_to_notflip_boundary_dhash,flip_to_notflip_cross_id_percentile_dhash,flip_to_notflip_composite_percentile,preferred_direction_by_composite,direction_margin
0001,30,16,0.0101184326922521,0.05904054269194603,5.834949392622302,0.015625,10.0,0.046875,0.03125,0.10445772111415863,10.323508026509298,0.058823529411764705,23.0,0.47058823529411764,0.2647058823529412,notflip->flip,0.23345588235294118
0002,30,13,0.014118987717665732,0.05517003685235977,3.9075065405242055,0.0,10.0,0.03125,0.015625,0.12071111053228378,8.549558434791297,0.13725490196078433,20.0,0.45098039215686275,0.29411764705882354,notflip->flip,0.27849264705882354
0003,30,26,0.00997003330849111,0.10034690052270889,10.064851081013654,0.046875,18.0,0.109375,0.078125,0.10931883752346039,10.964741454811143,0.09803921568627451,19.0,0.13725490196078433,0.11764705882352941,notflip->flip,0.03952205882352941
0004,35,24,0.009031527675688267,0.06070931628346443,6.721932154056977,0.03125,14.0,0.03125,0.03125,0.13410437107086182,14.848470368070052,0.09803921568627451,9.0,0.0784313725490196,0.08823529411764705,notflip->flip,0.05698529411764705
0005,30,30,0.010485121514648199,0.05379391834139824,5.130500229896778,0.03125,10.0,0.03125,0.03125,0.12728023529052734,12.139128298390341,0.0392156862745098,16.0,0.13725490196078433,0.08823529411764706,notflip->flip,0.056985294117647065
0006,30,30,0.010028914432041347,0.0908806324005127,9.061861382539913,0.0625,13.0,0.03125,0.046875,0.06361889839172363,6.343547830906585,0.0,4.0,0.0,0.0,flip->notflip,0.046875
0007,30,26,0.008774223271757364,0.12978771328926086,14.7919319202902,0.078125,18.0,0.078125,0.078125,0.13842806220054626,15.776674232364376,0.23529411764705882,11.0,0.058823529411764705,0.14705882352941177,notflip->flip,0.06893382352941177
0008,30,29,0.010202684672549367,0.057913027703762054,5.67625380597901,0.03125,9.0,0.03125,0.03125,0.10656914114952087,10.445205803159672,0.09803921568627451,14.0,0.058823529411764705,0.0784313725490196,notflip->flip,0.04718137254901961
0009,30,28,0.011347273364663124,0.077881820499897,6.863483234873944,0.03125,11.0,0.03125,0.03125,0.11049102991819382,9.737231700284683,0.0784313725490196,17.0,0.11764705882352941,0.09803921568627451,notflip->flip,0.06678921568627451
0010,30,27,0.012291762512177229,0.10744932293891907,8.741571669032082,0.125,15.0,0.078125,0.1015625,0.12448076158761978,10.127169432723656,0.17647058823529413,15.0,0.0392156862745098,0.10784313725490197,notflip->flip,0.006280637254901966
0011,30,26,0.011364028789103031,0.17673197388648987,15.551876642195609,0.671875,24.0,0.3125,0.4921875,0.1676802635192871,14.755353636562038,0.5686274509803921,20.0,0.19607843137254902,0.38235294117647056,flip->notflip,0.10983455882352944
0015,30,30,0.010383157059550285,0.07735875248908997,7.450407621248149,0.109375,22.0,0.140625,0.125,0.068357452750206,6.583494052739167,0.0,12.0,0.0,0.0,flip->notflip,0.125
0016,25,29,0.00855784717714414,0.10426975041627884,12.184109888612776,0.3125,29.0,0.84375,0.578125,0.14784710109233856,17.27620253458148,0.23529411764705882,32.0,0.8431372549019608,0.5392156862745098,flip->notflip,0.038909313725490224
0019,30,19,0.008874272753018886,0.10543780028820038,11.881289117728787,0.328125,32.0,0.96875,0.6484375,0.12867136299610138,14.499369872571185,0.1568627450980392,34.0,0.9215686274509803,0.5392156862745098,flip->notflip,0.10922181372549022
0020,21,20,0.007615751877892762,0.09382499754428864,12.319860080610912,0.234375,29.0,0.828125,0.53125,0.11745461821556091,15.422589929237555,0.058823529411764705,24.0,0.3137254901960784,0.18627450980392157,flip->notflip,0.3449754901960784
0021,8,21,0.010027956566773355,0.08604664355516434,8.58067573210991,0.234375,24.0,0.484375,0.359375,0.09074850380420685,9.049550942900279,0.0196078431372549,23.0,0.37254901960784315,0.19607843137254902,flip->notflip,0.16329656862745098
0023,30,14,0.014467965811491013,0.07186191529035568,4.966967452555092,0.15625,18.0,0.296875,0.2265625,0.06387867778539658,4.415180310604666,0.0,15.0,0.0392156862745098,0.0196078431372549,flip->notflip,0.2069546568627451
0024,30,12,0.011947572464123368,0.03923451527953148,3.2838901289233773,0.015625,11.0,0.03125,0.0234375,0.06650231778621674,5.566178232934972,0.058823529411764705,18.0,0.23529411764705882,0.14705882352941177,notflip->flip,0.12362132352941177
0025,30,11,0.011471019824966788,0.04369734227657318,3.809368560366837,0.03125,16.0,0.125,0.078125,0.05605213716626167,4.886412718445804,0.0196078431372549,14.0,0.058823529411764705,0.0392156862745098,flip->notflip,0.0389093137254902
0026,30,15,0.011237888596951962,0.09381638467311859,8.348221631113542,0.34375,20.0,0.140625,0.2421875,0.10405497252941132,9.25929916742848,0.1568627450980392,19.0,0.3333333333333333,0.24509803921568626,notflip->flip,0.002910539215686264
0027,30,10,0.011837947997264564,0.13192370533943176,11.144136244720439,0.453125,32.0,0.765625,0.609375,0.16402101516723633,13.855527596939709,0.9607843137254902,35.0,1.0,0.9803921568627452,notflip->flip,0.37101715686274517
0028,30,28,0.008298387983813882,0.1110236719250679,13.378944457841822,0.296875,11.0,0.046875,0.171875,0.12539604306221008,15.110891814988255,0.37254901960784315,19.0,0.2549019607843137,0.3137254901960784,notflip->flip,0.14185049019607843
0029,30,20,0.008461148478090763,0.11974029242992401,14.151777709607467,0.359375,18.0,0.296875,0.328125,0.12500575184822083,14.774087958852137,0.3137254901960784,16.0,0.1568627450980392,0.23529411764705882,flip->notflip,0.09283088235294118
0030,30,38,0.005969478050246835,0.14575675129890442,24.417000962567815,0.46875,20.0,0.3125,0.390625,0.15787187218666077,26.446511882246195,0.6666666666666666,17.0,0.0784313725490196,0.37254901960784315,flip->notflip,0.018075980392156854
0031,30,15,0.009545659413561225,0.13668331503868103,14.318897115111739,0.359375,23.0,0.390625,0.375,0.13210466504096985,13.839239314708088,0.37254901960784315,17.0,0.13725490196078433,0.2549019607843137,flip->notflip,0.12009803921568629
0032,30,9,0.013950003776699305,0.12274305522441864,8.798782938642383,0.34375,26.0,0.46875,0.40625,0.11005030572414398,7.8889086688249535,0.21568627450980393,16.0,0.11764705882352941,0.16666666666666669,flip->notflip,0.23958333333333331
0033,30,11,0.011580403428524733,0.12526297569274902,10.816805862238143,0.40625,32.0,0.84375,0.625,0.14490815997123718,12.513222088126987,0.5490196078431373,27.0,0.5490196078431373,0.5490196078431373,flip->notflip,0.0759803921568627
0034,30,13,0.010525572579354048,0.13718914985656738,13.033889493638041,0.546875,27.0,0.609375,0.578125,0.11978529393672943,11.380406437146114,0.0784313725490196,31.0,0.7843137254901961,0.43137254901960786,flip->notflip,0.14675245098039214
0035,32,16,0.012605794705450535,0.06559755653142929,5.203762084358394,0.09375,13.0,0.15625,0.125,0.07244530320167542,5.746984215945646,0.1568627450980392,16.0,0.11764705882352941,0.13725490196078433,notflip->flip,0.012254901960784326
0036,30,21,0.007181803346611559,0.07005718350410461,9.754817853256625,0.0625,11.0,0.046875,0.0546875,0.07233072817325592,10.07138801807797,0.11764705882352941,9.0,0.0,0.058823529411764705,notflip->flip,0.004136029411764705
0037,30,26,0.008713426534086466,0.051312293857336044,5.88887662696243,0.0625,11.0,0.078125,0.0703125,0.05438431724905968,6.241438662082143,0.09803921568627451,14.0,0.09803921568627451,0.09803921568627451,notflip->flip,0.02772671568627451
0038,30,46,0.006295955972746015,0.06084877997636795,9.66474038887353,0.109375,17.0,0.125,0.1171875,0.09359043091535568,14.865166039993085,0.13725490196078433,16.0,0.1568627450980392,0.14705882352941177,notflip->flip,0.02987132352941177
0039,30,21,0.011842256877571344,0.0882222056388855,7.449779763346803,0.0625,20.0,0.21875,0.140625,0.09646745771169662,8.146036579767264,0.23529411764705882,19.0,0.2549019607843137,0.24509803921568626,notflip->flip,0.10447303921568626
0040,30,25,0.009241919498890638,0.06601594388484955,7.143098778643747,0.109375,20.0,0.25,0.1796875,0.09566514194011688,10.351219998356417,0.0784313725490196,19.0,0.13725490196078433,0.10784313725490197,flip->notflip,0.07184436274509803
0041,37,20,0.009173464612103999,0.16948433220386505,18.47549855702693,0.609375,28.0,0.5625,0.5859375,0.1850104033946991,20.167996631347517,0.9803921568627451,32.0,0.9803921568627451,0.9803921568627451,notflip->flip,0.39445465686274506
0042,30,30,0.00736538739874959,0.16417387127876282,22.289916658916592,0.75,31.0,0.890625,0.8203125,0.16943901777267456,23.004766565495245,0.7843137254901961,26.0,0.6274509803921569,0.7058823529411764,flip->notflip,0.1144301470588236
0043,30,10,0.01662166742607951,0.14385724067687988,8.654802011690288,0.515625,26.0,0.53125,0.5234375,0.13784563541412354,8.293129195801546,0.5098039215686274,21.0,0.39215686274509803,0.4509803921568627,flip->notflip,0.0724571078431373
0044,30,27,0.005919213523156941,0.15666550397872925,26.467283764275088,0.59375,30.0,0.71875,0.65625,0.15381018817424774,25.98490282070699,0.6470588235294118,27.0,0.5882352941176471,0.6176470588235294,flip->notflip,0.03860294117647056
0045,30,24,0.010431985137984157,0.16280987858772278,15.606797405693356,0.796875,29.0,0.8125,0.8046875,0.12955506145954132,12.419022817413266,0.4117647058823529,20.0,0.21568627450980393,0.3137254901960784,flip->notflip,0.4909620098039216
0046,30,22,0.008540134993381798,0.1617366224527359,18.938415209838503,0.734375,29.0,0.71875,0.7265625,0.17918039858341217,20.980979659252288,0.7843137254901961,30.0,0.8627450980392157,0.8235294117647058,notflip->flip,0.09696691176470584
0047,30,25,0.009627039544284344,0.16430918872356415,17.06746793422241,0.859375,30.0,0.8125,0.8359375,0.17362132668495178,18.03475781794542,0.49019607843137253,21.0,0.29411764705882354,0.39215686274509803,flip->notflip,0.44378063725490197
0048,30,22,0.009230430703610182,0.1984821856021881,21.50302537069676,0.984375,30.0,0.78125,0.8828125,0.16196705400943756,17.54707436848959,0.5294117647058824,21.0,0.4117647058823529,0.47058823529411764,flip->notflip,0.41222426470588236
0049,30,14,0.013106043683364987,0.06699187308549881,5.111525240109576,0.25,18.0,0.25,0.25,0.11803576350212097,9.00620861289661,0.3333333333333333,24.0,0.47058823529411764,0.4019607843137255,notflip->flip,0.1519607843137255
0050,29,14,0.015113262226805091,0.08239346742630005,5.451732801947012,0.15625,12.0,0.078125,0.1171875,0.07652612030506134,5.063507742844133,0.0392156862745098,10.0,0.0196078431372549,0.029411764705882353,flip->notflip,0.08777573529411764
0051,30,16,0.013622568571008742,0.059290431439876556,4.3523679936584925,0.1875,15.0,0.25,0.21875,0.09935566037893295,7.29346010343303,0.3333333333333333,19.0,0.4117647058823529,0.37254901960784315,notflip->flip,0.15379901960784315
0052,30,17,0.012633080827072263,0.07805095613002777,6.17829943451064,0.171875,13.0,0.125,0.1484375,0.08232006430625916,6.516230318882315,0.2549019607843137,16.0,0.21568627450980393,0.23529411764705882,notflip->flip,0.08685661764705882
0053,30,30,0.010468366788700223,0.06613370776176453,6.317480949669307,0.078125,13.0,0.109375,0.09375,0.07464607059955597,7.13063194156805,0.23529411764705882,16.0,0.19607843137254902,0.21568627450980393,notflip->flip,0.12193627450980393
0054,30,22,0.010700060985982418,0.08316546678543091,7.772429231420416,0.15625,8.0,0.046875,0.1015625,0.0889073982834816,8.309055284820756,0.2549019607843137,13.0,0.17647058823529413,0.21568627450980393,notflip->flip,0.11412377450980393
0055,30,20,0.009020278113894165,0.06251595914363861,6.930602178146113,0.09375,10.0,0.1875,0.140625,0.08839581906795502,9.799677787295348,0.29411764705882354,15.0,0.13725490196078433,0.21568627450980393,notflip->flip,0.07506127450980393
0056,30,17,0.011746515519917011,0.0757981613278389,6.4528209407562604,0.203125,17.0,0.234375,0.21875,0.0814746767282486,6.936071943216078,0.23529411764705882,9.0,0.11764705882352941,0.1764705882352941,flip->notflip,0.0422794117647059
0057,30,20,0.008239985443651676,0.06840118020772934,8.301128767214946,0.203125,9.0,0.09375,0.1484375,0.0847700983285904,10.287651465925796,0.2549019607843137,16.0,0.2549019607843137,0.2549019607843137,notflip->flip,0.10646446078431371
0058,30,29,0.006127929547801614,0.07000038027763367,11.423169886596723,0.140625,12.0,0.234375,0.1875,0.09675627946853638,15.7893916230234,0.29411764705882354,21.0,0.35294117647058826,0.3235294117647059,notflip->flip,0.1360294117647059
