population,video_id,n,f1,tn,fp,fn,tp,mean_prob_flip
context_unseen_early,flip/0034,10,0.0,0,0,10,0,0.04285230608657002
context_unseen_early,flip/0035,12,0.15384615384615385,0,0,11,1,0.14118572619433203
context_unseen_early,flip/0036,16,0.3157894736842105,0,0,13,3,0.24777026179799577
context_unseen_early,flip/0037,20,0.5714285714285714,0,0,12,8,0.42314603831619024
context_unseen_early,flip/0038,36,0.9714285714285714,0,0,2,34,0.863923972679509
context_unseen_early,flip/0039,16,0.0,0,0,16,0,0.08288676093798131
context_unseen_early,flip/0040,20,1.0,0,0,0,20,0.8953844159841537
context_unseen_early,flip/0041,16,0.0,0,0,16,0,0.20072705816710368
context_unseen_early,flip/0042,24,0.8571428571428571,0,0,6,18,0.7914412406583627
context_unseen_early,flip/0043,8,0.7692307692307693,0,0,3,5,0.6933717150241137
context_unseen_early,flip/0044,21,1.0,0,0,0,21,0.8886232943761916
context_unseen_early,flip/0045,19,1.0,0,0,0,19,0.923944636395103
context_unseen_early,flip/0046,17,1.0,0,0,0,17,0.9193499158410465
context_unseen_early,flip/0047,20,0.4,0,0,15,5,0.38777642163913695
context_unseen_early,flip/0048,17,0.0,0,0,17,0,0.08335578923716265
context_unseen_early,notflip/0027,24,0.0,24,0,0,0,0.05594821677853664
context_unseen_early,notflip/0028,24,0.0,24,0,0,0,0.000385595979878417
context_unseen_early,notflip/0029,24,0.0,24,0,0,0,0.003418104228330776
context_unseen_early,notflip/0030,24,0.0,24,0,0,0,0.006842337888277446
context_unseen_early,notflip/0031,24,0.0,24,0,0,0,0.006491994650180762
context_unseen_early,notflip/0032,24,0.0,24,0,0,0,0.0022591897043942786
context_unseen_early,notflip/0033,24,0.0,24,0,0,0,0.00185526458365833
context_unseen_early,notflip/0034,24,0.0,24,0,0,0,0.0046544230450914865
context_unseen_early,notflip/0035,25,0.0,25,0,0,0,0.016083633452653887
context_unseen_early,notflip/0036,24,0.0,19,5,0,0,0.47115033492445946
context_unseen_early,notflip/0037,24,0.0,24,0,0,0,0.03154603069803367
context_unseen_early,notflip/0038,24,0.0,24,0,0,0,0.012931922838712731
context_unseen_early,notflip/0039,24,0.0,24,0,0,0,0.041925561066212445
context_unseen_early,notflip/0040,24,0.0,24,0,0,0,4.910448558348435e-05
context_known_future,flip/0001,4,1.0,0,0,0,4,0.9815535098314285
context_known_future,flip/0002,3,1.0,0,0,0,3,0.9911529024442037
context_known_future,flip/0003,6,1.0,0,0,0,6,0.9625897208849589
context_known_future,flip/0004,5,1.0,0,0,0,5,0.9991936802864074
context_known_future,flip/0005,6,1.0,0,0,0,6,0.9916627705097198
context_known_future,flip/0006,6,0.9090909090909091,0,0,1,5,0.8280340855320295
context_known_future,flip/0007,6,1.0,0,0,0,6,0.9808926781018575
context_known_future,flip/0008,6,1.0,0,0,0,6,0.9869426290194193
context_known_future,flip/0009,6,1.0,0,0,0,6,0.9141761759916941
context_known_future,flip/0010,6,1.0,0,0,0,6,0.8123005032539368
context_known_future,flip/0011,6,1.0,0,0,0,6,0.9995126823584238
context_known_future,flip/0012,5,1.0,0,0,0,5,0.9998697161674499
context_known_future,flip/0013,6,1.0,0,0,0,6,0.9997996191183726
context_known_future,flip/0014,5,1.0,0,0,0,5,0.9999949932098389
context_known_future,flip/0015,6,1.0,0,0,0,6,0.9991515378157297
context_known_future,flip/0016,6,1.0,0,0,0,6,0.9999925494194031
context_known_future,flip/0017,4,1.0,0,0,0,4,0.9999496340751648
context_known_future,flip/0018,6,1.0,0,0,0,6,0.9999854763348898
context_known_future,flip/0019,4,1.0,0,0,0,4,0.9999975860118866
context_known_future,flip/0020,4,1.0,0,0,0,4,0.9999994039535522
context_known_future,flip/0021,5,1.0,0,0,0,5,0.9999904155731201
context_known_future,flip/0022,4,1.0,0,0,0,4,0.9997235834598541
context_known_future,flip/0023,3,1.0,0,0,0,3,0.9350738922754923
context_known_future,flip/0024,3,1.0,0,0,0,3,0.9963234066963196
context_known_future,flip/0025,3,1.0,0,0,0,3,0.9999028245608012
context_known_future,flip/0026,3,1.0,0,0,0,3,0.9996348023414612
context_known_future,flip/0027,2,1.0,0,0,0,2,0.9997443854808807
context_known_future,flip/0028,6,1.0,0,0,0,6,0.9984350204467773
context_known_future,flip/0029,4,1.0,0,0,0,4,0.9999896287918091
context_known_future,flip/0030,8,1.0,0,0,0,8,0.9818305894732475
context_known_future,flip/0031,3,1.0,0,0,0,3,0.999692956606547
context_known_future,flip/0032,2,1.0,0,0,0,2,0.9978019297122955
context_known_future,flip/0033,3,1.0,0,0,0,3,0.9867607156435648
context_known_future,flip/0049,3,1.0,0,0,0,3,0.9930273294448853
context_known_future,flip/0050,3,1.0,0,0,0,3,0.9861946304639181
context_known_future,flip/0051,4,0.6666666666666666,0,0,2,2,0.6149367578327656
context_known_future,flip/0052,4,0.8571428571428571,0,0,1,3,0.794922336935997
context_known_future,flip/0053,6,0.8,0,0,2,4,0.7112262398004532
context_known_future,flip/0054,5,0.75,0,0,2,3,0.7105848371982575
context_known_future,flip/0055,4,1.0,0,0,0,4,0.9430527687072754
context_known_future,flip/0056,4,1.0,0,0,0,4,0.8820613026618958
context_known_future,flip/0057,4,1.0,0,0,0,4,0.9397945702075958
context_known_future,flip/0058,6,1.0,0,0,0,6,0.9986163377761841
context_known_future,flip/0059,6,0.9090909090909091,0,0,1,5,0.8350525498390198
context_known_future,flip/0060,11,0.8421052631578947,0,0,3,8,0.695668282664635
context_known_future,flip/0061,5,0.75,0,0,2,3,0.5425001017749309
context_known_future,flip/0062,6,0.5,0,0,4,2,0.2703300963815612
context_known_future,flip/0063,3,1.0,0,0,0,3,0.9761327902475992
context_known_future,flip/0064,3,1.0,0,0,0,3,0.9614339073499044
context_known_future,flip/0065,6,0.8,0,0,2,4,0.6629603455464045
context_known_future,notflip/0001,6,0.0,0,6,0,0,0.6025478343168894
context_known_future,notflip/0002,6,0.0,6,0,0,0,0.29936274886131287
context_known_future,notflip/0003,6,0.0,0,6,0,0,0.7880399723847707
context_known_future,notflip/0004,7,0.0,0,7,0,0,0.7953957659857613
context_known_future,notflip/0005,6,0.0,0,6,0,0,0.6870380540688833
context_known_future,notflip/0006,6,0.0,6,0,0,0,0.04968097216139237
context_known_future,notflip/0007,6,0.0,0,6,0,0,0.8596088588237762
context_known_future,notflip/0008,6,0.0,6,0,0,0,0.3979465365409851
context_known_future,notflip/0009,6,0.0,6,0,0,0,0.22121654202540716
context_known_future,notflip/0010,6,0.0,2,4,0,0,0.5348085463047028
context_known_future,notflip/0011,6,0.0,0,6,0,0,0.6521420081456503
context_known_future,notflip/0015,6,0.0,0,6,0,0,0.940252810716629
context_known_future,notflip/0016,5,0.0,0,5,0,0,0.7957229256629944
context_known_future,notflip/0019,6,0.0,0,6,0,0,0.7958320478598276
context_known_future,notflip/0020,5,0.0,0,5,0,0,0.5938236474990845
context_known_future,notflip/0021,2,0.0,2,0,0,0,0.4548161029815674
context_known_future,notflip/0023,6,0.0,6,0,0,0,0.08123082915941875
context_known_future,notflip/0024,6,0.0,6,0,0,0,0.27477612098058063
context_known_future,notflip/0025,6,0.0,2,4,0,0,0.5125722934802374
context_known_future,notflip/0026,6,0.0,6,0,0,0,0.11064277496188879
context_known_future,notflip/0041,8,0.0,8,0,0,0,0.1500862017273903
context_known_future,notflip/0042,6,0.0,0,6,0,0,0.8919782042503357
context_known_future,notflip/0043,6,0.0,6,0,0,0,0.005500105093233287
context_known_future,notflip/0044,6,0.0,6,0,0,0,0.14844506606459618
context_known_future,notflip/0045,6,0.0,3,3,0,0,0.5307423025369644
context_known_future,notflip/0046,6,0.0,4,2,0,0,0.48178549110889435
context_known_future,notflip/0047,6,0.0,6,0,0,0,0.07549456382791202
context_known_future,notflip/0048,6,0.0,6,0,0,0,0.055084828908244766
context_known_future,notflip/0049,6,0.0,0,6,0,0,0.6519501904646555
context_known_future,notflip/0050,6,0.0,6,0,0,0,0.015977995935827494
context_known_future,notflip/0051,6,0.0,0,6,0,0,0.7011789480845133
context_known_future,notflip/0052,6,0.0,3,3,0,0,0.48952417075634
context_known_future,notflip/0053,6,0.0,0,6,0,0,0.7729219496250153
context_known_future,notflip/0054,6,0.0,6,0,0,0,0.10328659663597743
context_known_future,notflip/0055,6,0.0,0,6,0,0,0.8689067562421163
context_known_future,notflip/0056,6,0.0,6,0,0,0,0.36124273637930554
context_known_future,notflip/0057,6,0.0,3,3,0,0,0.4652627607186635
context_known_future,notflip/0058,6,0.0,0,6,0,0,0.8603944480419159
