video_id,label,raw_video_id,image_count,min_frame,max_frame,gap_count,missing_frame_number_count,missing_frame_ranges,training_images,testing_images
flip/0001,flip,0001,16,10,25,0,0,,15,1
flip/0002,flip,0002,13,9,21,0,0,,9,4
flip/0003,flip,0003,26,1,26,0,0,,22,4
flip/0004,flip,0004,24,5,28,0,0,,20,4
flip/0005,flip,0005,30,1,30,0,0,,25,5
flip/0006,flip,0006,30,1,30,0,0,,21,9
flip/0007,flip,0007,26,5,30,0,0,,23,3
flip/0008,flip,0008,29,1,29,0,0,,24,5
flip/0009,flip,0009,28,1,28,0,0,,21,7
flip/0010,flip,0010,27,4,30,0,0,,21,6
flip/0011,flip,0011,26,5,30,0,0,,21,5
flip/0012,flip,0012,24,7,30,0,0,,17,7
flip/0013,flip,0013,27,4,30,0,0,,22,5
flip/0014,flip,0014,23,1,23,0,0,,12,11
flip/0015,flip,0015,30,1,30,0,0,,25,5
flip/0016,flip,0016,29,2,30,0,0,,24,5
flip/0017,flip,0017,19,4,22,0,0,,17,2
flip/0018,flip,0018,26,1,26,0,0,,21,5
flip/0019,flip,0019,19,12,30,0,0,,17,2
flip/0020,flip,0020,20,4,23,0,0,,14,6
flip/0021,flip,0021,21,10,30,0,0,,17,4
flip/0022,flip,0022,18,7,24,0,0,,16,2
flip/0023,flip,0023,14,3,25,1,9,7-15,14,0
flip/0024,flip,0024,12,16,27,0,0,,9,3
flip/0025,flip,0025,11,4,14,0,0,,11,0
flip/0026,flip,0026,15,8,22,0,0,,12,3
flip/0027,flip,0027,10,11,20,0,0,,7,3
flip/0028,flip,0028,28,1,28,0,0,,25,3
flip/0029,flip,0029,20,1,28,1,8,10-17,16,4
flip/0030,flip,0030,38,1,38,0,0,,30,8
flip/0031,flip,0031,15,14,28,0,0,,12,3
flip/0032,flip,0032,9,10,18,0,0,,8,1
flip/0033,flip,0033,11,16,26,0,0,,9,2
flip/0034,flip,0034,13,15,27,0,0,,8,5
flip/0035,flip,0035,16,7,22,0,0,,13,3
flip/0036,flip,0036,21,7,27,0,0,,14,7
flip/0037,flip,0037,26,2,27,0,0,,18,8
flip/0038,flip,0038,46,4,49,0,0,,34,12
flip/0039,flip,0039,21,8,28,0,0,,20,1
flip/0040,flip,0040,25,6,30,0,0,,21,4
flip/0041,flip,0041,20,10,29,0,0,,13,7
flip/0042,flip,0042,30,1,30,0,0,,24,6
flip/0043,flip,0043,10,15,24,0,0,,8,2
flip/0044,flip,0044,27,3,29,0,0,,22,5
flip/0045,flip,0045,24,7,30,0,0,,23,1
flip/0046,flip,0046,22,6,27,0,0,,13,9
flip/0047,flip,0047,25,6,30,0,0,,21,4
flip/0048,flip,0048,22,9,30,0,0,,20,2
flip/0049,flip,0049,14,17,30,0,0,,9,5
flip/0050,flip,0050,14,17,30,0,0,,12,2
flip/0051,flip,0051,16,12,27,0,0,,14,2
flip/0052,flip,0052,17,13,29,0,0,,14,3
flip/0053,flip,0053,30,1,30,0,0,,26,4
flip/0054,flip,0054,22,8,29,0,0,,16,6
flip/0055,flip,0055,20,11,30,0,0,,16,4
flip/0056,flip,0056,17,14,30,0,0,,15,2
flip/0057,flip,0057,20,11,30,0,0,,18,2
flip/0058,flip,0058,29,1,29,0,0,,23,6
flip/0059,flip,0059,30,1,30,0,0,,25,5
flip/0060,flip,0060,55,1,55,0,0,,43,12
flip/0061,flip,0061,22,9,30,0,0,,16,6
flip/0062,flip,0062,30,1,30,0,0,,22,8
flip/0063,flip,0063,14,10,23,0,0,,11,3
flip/0064,flip,0064,11,19,29,0,0,,10,1
flip/0065,flip,0065,29,1,29,0,0,,23,6
notflip/0001,notflip,0001,30,1,30,0,0,,25,5
notflip/0002,notflip,0002,30,1,30,0,0,,22,8
notflip/0003,notflip,0003,30,1,30,0,0,,26,4
notflip/0004,notflip,0004,35,1,35,0,0,,26,9
notflip/0005,notflip,0005,30,1,30,0,0,,25,5
notflip/0006,notflip,0006,30,1,30,0,0,,20,10
notflip/0007,notflip,0007,30,1,30,0,0,,28,2
notflip/0008,notflip,0008,30,1,30,0,0,,24,6
notflip/0009,notflip,0009,30,1,30,0,0,,22,8
notflip/0010,notflip,0010,30,1,30,0,0,,27,3
notflip/0011,notflip,0011,30,1,30,0,0,,27,3
notflip/0015,notflip,0015,30,1,30,0,0,,24,6
notflip/0016,notflip,0016,25,1,25,0,0,,20,5
notflip/0019,notflip,0019,30,1,30,0,0,,23,7
notflip/0020,notflip,0020,21,1,21,0,0,,17,4
notflip/0021,notflip,0021,8,7,27,1,13,9-21,6,2
notflip/0023,notflip,0023,30,1,30,0,0,,25,5
notflip/0024,notflip,0024,30,1,30,0,0,,21,9
notflip/0025,notflip,0025,30,1,30,0,0,,23,7
notflip/0026,notflip,0026,30,1,30,0,0,,24,6
notflip/0027,notflip,0027,30,1,30,0,0,,23,7
notflip/0028,notflip,0028,30,1,30,0,0,,28,2
notflip/0029,notflip,0029,30,1,30,0,0,,21,9
notflip/0030,notflip,0030,30,1,30,0,0,,22,8
notflip/0031,notflip,0031,30,1,30,0,0,,22,8
notflip/0032,notflip,0032,30,1,30,0,0,,24,6
notflip/0033,notflip,0033,30,1,30,0,0,,22,8
notflip/0034,notflip,0034,30,1,30,0,0,,26,4
notflip/0035,notflip,0035,32,1,32,0,0,,27,5
notflip/0036,notflip,0036,30,1,30,0,0,,22,8
notflip/0037,notflip,0037,30,1,30,0,0,,19,11
notflip/0038,notflip,0038,30,1,30,0,0,,22,8
notflip/0039,notflip,0039,30,1,30,0,0,,27,3
notflip/0040,notflip,0040,30,1,30,0,0,,20,10
notflip/0041,notflip,0041,37,1,37,0,0,,26,11
notflip/0042,notflip,0042,30,1,30,0,0,,22,8
notflip/0043,notflip,0043,30,1,30,0,0,,27,3
notflip/0044,notflip,0044,30,1,30,0,0,,27,3
notflip/0045,notflip,0045,30,1,30,0,0,,21,9
notflip/0046,notflip,0046,30,1,30,0,0,,25,5
notflip/0047,notflip,0047,30,1,30,0,0,,25,5
notflip/0048,notflip,0048,30,1,30,0,0,,26,4
notflip/0049,notflip,0049,30,1,30,0,0,,23,7
notflip/0050,notflip,0050,29,1,29,0,0,,27,2
notflip/0051,notflip,0051,30,1,30,0,0,,27,3
notflip/0052,notflip,0052,30,1,30,0,0,,26,4
notflip/0053,notflip,0053,30,1,30,0,0,,24,6
notflip/0054,notflip,0054,30,1,30,0,0,,26,4
notflip/0055,notflip,0055,30,1,30,0,0,,27,3
notflip/0056,notflip,0056,30,1,30,0,0,,23,7
notflip/0057,notflip,0057,30,1,30,0,0,,25,5
notflip/0058,notflip,0058,30,1,30,0,0,,23,7
