regime,baseline,feature_set,train_n,test_n,train_flip,train_notflip,test_flip,test_notflip,majority_label,f1,precision,recall,accuracy,balanced_accuracy,roc_auc,pr_auc,tn,fp,fn,tp
O,majority,,2392,597,1162,1230,290,307,notflip,0.0,0.0,0.0,0.5142378559463987,0.5,,,307,0,290,0
O,logistic_regression,A,2392,597,1162,1230,290,307,,0.7841726618705036,0.8195488721804511,0.7517241379310344,0.7989949748743719,0.7976861732000449,0.8770414467033584,0.8945246655819248,259,48,72,218
O,logistic_regression,B,2392,597,1162,1230,290,307,,0.8571428571428571,0.8772563176895307,0.8379310344827586,0.864321608040201,0.8635909244075031,0.9511400651465798,0.9539680716899784,273,34,47,243
O,logistic_regression,C,2392,597,1162,1230,290,307,,0.926829268292683,0.9366197183098591,0.9172413793103448,0.9296482412060302,0.9293047287431202,0.9843648208469055,0.985727163367596,289,18,24,266
S,majority,,2219,770,1104,1115,348,422,notflip,0.0,0.0,0.0,0.548051948051948,0.5,,,422,0,348,0
S,logistic_regression,A,2219,770,1104,1115,348,422,,0.4567627494456763,1.0,0.2959770114942529,0.6818181818181818,0.6479885057471264,0.9172795119028163,0.917568043781962,422,0,245,103
S,logistic_regression,B,2219,770,1104,1115,348,422,,0.6582597730138714,0.5865168539325842,0.75,0.6480519480519481,0.6569905213270142,0.7358228468704037,0.7047054800106818,238,184,87,261
S,logistic_regression,C,2219,770,1104,1115,348,422,,0.5559701492537313,0.7925531914893617,0.4281609195402299,0.6909090909090909,0.6678719289644277,0.7828553140491367,0.7819934530841193,383,39,199,149
T,majority,,2365,624,1138,1227,314,310,notflip,0.0,0.0,0.0,0.4967948717948718,0.5,,,310,0,314,0
T,logistic_regression,A,2365,624,1138,1227,314,310,,0.7853577371048253,0.8222996515679443,0.7515923566878981,0.7932692307692307,0.79353811382782,0.8423464146291351,0.8766982305524911,259,51,78,236
T,logistic_regression,B,2365,624,1138,1227,314,310,,0.7450271247739603,0.8619246861924686,0.6560509554140127,0.7740384615384616,0.7747996712553935,0.8336963221697143,0.8719854706138385,277,33,108,206
T,logistic_regression,C,2365,624,1138,1227,314,310,,0.8042704626334519,0.9112903225806451,0.7197452229299363,0.8237179487179487,0.8243887404972262,0.8729093897678242,0.9073762315704219,288,22,88,226
ST,majority,,1756,161,866,890,76,85,notflip,0.0,0.0,0.0,0.5279503105590062,0.5,,,85,0,76,0
ST,logistic_regression,A,1756,161,866,890,76,85,,0.3655913978494624,1.0,0.2236842105263158,0.6335403726708074,0.6118421052631579,0.9356037151702787,0.9423524179090194,85,0,59,17
ST,logistic_regression,B,1756,161,866,890,76,85,,0.5714285714285714,0.72,0.47368421052631576,0.6645962732919255,0.6544891640866873,0.7626934984520124,0.790266100208399,71,14,40,36
ST,logistic_regression,C,1756,161,866,890,76,85,,0.1686746987951807,1.0,0.09210526315789473,0.5714285714285714,0.5460526315789473,0.7979876160990712,0.7844025867218414,85,0,69,7
